구분,국가,일자,총(누적),1차(누적),완료(누적),추가(누적),합(신규),1차(신규),완료(신규),추가(신규),1차(%),완료(%),인구(명)
일간,대한민국,2023/05/26,,44784499,44372679,,,22,55,,86.48,85.69,51784059
일간,대한민국,2023/05/25,,44784477,44372624,,,20,53,,86.48,85.69,51784059
일간,대한민국,2023/05/24,,44784457,44372571,,,15,50,,86.48,85.69,51784059
일간,대한민국,2023/05/23,,44784442,44372521,,,21,48,,86.48,85.69,51784059
일간,대한민국,2023/05/22,,44784421,44372473,,,17,53,,86.48,85.69,51784059
일간,대한민국,2023/05/21,,44784404,44372420,,,1,0,,86.48,85.69,51784059
일간,대한민국,2023/05/20,,44784403,44372420,,,24,50,,86.48,85.69,51784059
일간,대한민국,2023/05/19,,44784379,44372370,,,24,74,,86.48,85.69,51784059
일간,대한민국,2023/05/18,,44784355,44372296,,,27,49,,86.48,85.69,51784059
일간,대한민국,2023/05/17,,44784328,44372247,,,26,72,,86.48,85.69,51784059
일간,대한민국,2023/05/16,,44784302,44372175,,,30,52,,86.48,85.69,51784059
일간,대한민국,2023/05/15,,44784272,44372123,,,40,50,,86.48,85.69,51784059
일간,대한민국,2023/05/14,,44784232,44372073,,,1,0,,86.48,85.69,51784059
일간,대한민국,2023/05/13,,44784231,44372073,,,11,57,,86.48,85.69,51784059
일간,대한민국,2023/05/12,,44784220,44372016,,,46,115,,86.48,85.69,51784059
일간,대한민국,2023/05/11,,44784174,44371901,,,47,57,,86.48,85.69,51784059
일간,대한민국,2023/05/10,,44784127,44371844,,,28,89,,86.48,85.69,51784059
일간,대한민국,2023/05/09,,44784099,44371755,,,38,94,,86.48,85.69,51784059
일간,대한민국,2023/05/08,,44784061,44371661,,,41,77,,86.48,85.69,51784059
일간,대한민국,2023/05/07,,44784020,44371584,,,1,1,,86.48,85.69,51784059
일간,대한민국,2023/05/06,,44784019,44371583,,,8,53,,86.48,85.69,51784059
일간,대한민국,2023/05/05,,44784011,44371530,,,4,9,,86.48,85.69,51784059
일간,대한민국,2023/05/04,,44784007,44371521,,,63,113,,86.48,85.69,51784059
일간,대한민국,2023/05/03,,44783944,44371408,,,37,134,,86.48,85.69,51784059
일간,대한민국,2023/05/02,,44783907,44371274,,,57,116,,86.48,85.69,51784059
일간,대한민국,2023/05/01,,44783850,44371158,,,42,85,,86.48,85.68,51784059
일간,대한민국,2023/04/30,,44783808,44371073,,,2,2,,86.48,85.68,51784059
일간,대한민국,2023/04/29,,44783806,44371071,,,51,67,,86.48,85.68,51784059
일간,대한민국,2023/04/28,,44783755,44371004,,,116,209,,86.48,85.68,51784059
일간,대한민국,2023/04/27,,44783639,44370795,,,73,135,,86.48,85.68,51784059
일간,대한민국,2023/04/26,,44783566,44370660,,,67,102,,86.48,85.68,51784059
일간,대한민국,2023/04/25,,44783499,44370558,,,55,129,,86.48,85.68,51784059
일간,대한민국,2023/04/24,,44783444,44370429,,,62,96,,86.48,85.68,51784059
일간,대한민국,2023/04/23,,44783382,44370333,,,4,4,,86.48,85.68,51784059
일간,대한민국,2023/04/22,,44783378,44370329,,,31,97,,86.48,85.68,51784059
일간,대한민국,2023/04/21,,44783347,44370232,,,104,216,,86.48,85.68,51784059
일간,대한민국,2023/04/20,,44783243,44370016,,,84,166,,86.48,85.68,51784059
일간,대한민국,2023/04/19,,44783159,44369850,,,98,200,,86.48,85.68,51784059
일간,대한민국,2023/04/18,,44783061,44369650,,,75,168,,86.48,85.68,51784059
일간,대한민국,2023/04/17,,44782986,44369482,,,71,96,,86.48,85.68,51784059
일간,대한민국,2023/04/16,,44782915,44369386,,,0,3,,86.48,85.68,51784059
일간,대한민국,2023/04/15,,44782915,44369383,,,66,76,,86.48,85.68,51784059
일간,대한민국,2023/04/14,,44782849,44369307,,,79,224,,86.48,85.68,51784059
일간,대한민국,2023/04/13,,44782770,44369083,,,75,130,,86.48,85.68,51784059
일간,대한민국,2023/04/12,,44782695,44368953,,,71,130,,86.48,85.68,51784059
일간,대한민국,2023/04/11,,44782624,44368823,,,74,130,,86.48,85.68,51784059
일간,대한민국,2023/04/10,,44782550,44368693,,,81,135,,86.48,85.68,51784059
일간,대한민국,2023/04/09,,44782469,44368558,,,3,3,,86.48,85.68,51784059
일간,대한민국,2023/04/08,,44782466,44368555,,,63,102,,86.48,85.68,51784059
일간,대한민국,2023/04/07,,44782403,44368453,,,106,160,,86.48,85.68,51784059
일간,대한민국,2023/04/06,,44782297,44368293,,,84,117,,86.48,85.68,51784059
일간,대한민국,2023/04/05,,44782213,44368176,,,87,120,,86.48,85.68,51784059
일간,대한민국,2023/04/04,,44782126,44368056,,,88,118,,86.48,85.68,51784059
일간,대한민국,2023/04/03,,44782038,44367938,,,65,110,,86.48,85.68,51784059
일간,대한민국,2023/04/02,,44781973,44367828,,,2,4,,86.48,85.68,51784059
일간,대한민국,2023/04/01,,44781971,44367824,,,50,85,,86.48,85.68,51784059
일간,대한민국,2023/03/31,,44781921,44367739,,,114,195,,86.48,85.68,51784059
일간,대한민국,2023/03/30,,44781807,44367544,,,103,139,,86.48,85.68,51784059
일간,대한민국,2023/03/29,,44781704,44367405,,,109,140,,86.48,85.68,51784059
일간,대한민국,2023/03/28,,44781595,44367265,,,95,140,,86.48,85.68,51784059
일간,대한민국,2023/03/27,,44781500,44367125,,,74,127,,86.48,85.68,51784059
일간,대한민국,2023/03/26,,44781426,44366998,,,2,1,,86.48,85.68,51784059
일간,대한민국,2023/03/25,,44781424,44366997,,,44,93,,86.48,85.68,51784059
일간,대한민국,2023/03/24,,44781380,44366904,,,113,184,,86.48,85.68,51784059
일간,대한민국,2023/03/23,,44781267,44366720,,,105,146,,86.48,85.68,51784059
일간,대한민국,2023/03/22,,44781162,44366574,,,98,92,,86.48,85.68,51784059
일간,대한민국,2023/03/21,,44781064,44366482,,,97,120,,86.48,85.68,51784059
일간,대한민국,2023/03/20,,44780967,44366362,,,94,112,,86.48,85.68,51784059
일간,대한민국,2023/03/19,,44780873,44366250,,,3,2,,86.48,85.68,51784059
일간,대한민국,2023/03/18,,44780870,44366248,,,71,94,,86.48,85.68,51784059
일간,대한민국,2023/03/17,,44780799,44366154,,,125,224,,86.48,85.68,51784059
일간,대한민국,2023/03/16,,44780674,44365930,,,106,153,,86.48,85.67,51784059
일간,대한민국,2023/03/15,,44780568,44365777,,,130,151,,86.48,85.67,51784059
일간,대한민국,2023/03/14,,44780438,44365626,,,124,147,,86.48,85.67,51784059
일간,대한민국,2023/03/13,,44780314,44365479,,,89,121,,86.48,85.67,51784059
일간,대한민국,2023/03/12,,44780225,44365358,,,3,4,,86.47,85.67,51784059
일간,대한민국,2023/03/11,,44780222,44365354,,,79,138,,86.47,85.67,51784059
일간,대한민국,2023/03/10,,44780143,44365216,,,186,232,,86.47,85.67,51784059
일간,대한민국,2023/03/09,,44779957,44364984,,,129,140,,86.47,85.67,51784059
일간,대한민국,2023/03/08,,44779828,44364844,,,142,174,,86.47,85.67,51784059
일간,대한민국,2023/03/07,,44779686,44364670,,,116,160,,86.47,85.67,51784059
일간,대한민국,2023/03/06,,44779570,44364510,,,96,127,,86.47,85.67,51784059
일간,대한민국,2023/03/05,,44779474,44364383,,,1,1,,86.47,85.67,51784059
일간,대한민국,2023/03/04,,44779473,44364382,,,80,147,,86.47,85.67,51784059
일간,대한민국,2023/03/03,,44779393,44364235,,,178,229,,86.47,85.67,51784059
일간,대한민국,2023/03/02,,44779215,44364006,,,160,200,,86.47,85.67,51784059
일간,대한민국,2023/03/01,,44779055,44363806,,,25,17,,86.47,85.67,51784059
일간,대한민국,2023/02/28,,44779030,44363789,,,194,186,,86.47,85.67,51784059
일간,대한민국,2023/02/27,,44778836,44363603,,,210,237,,86.47,85.67,51784059
일간,대한민국,2023/02/26,,44778626,44363366,,,4,6,,86.47,85.67,51784059
일간,대한민국,2023/02/25,,44778622,44363360,,,194,197,,86.47,85.67,51784059
일간,대한민국,2023/02/24,,44778428,44363163,,,423,369,,86.47,85.67,51784059
일간,대한민국,2023/02/23,,44778005,44362794,,,302,296,,86.47,85.67,51784059
일간,대한민국,2023/02/22,,44777703,44362498,,,292,233,,86.47,85.67,51784059
일간,대한민국,2023/02/21,,44777411,44362265,,,249,195,,86.47,85.67,51784059
일간,대한민국,2023/02/20,,44777162,44362070,,,140,175,,86.47,85.67,51784059
일간,대한민국,2023/02/19,,44777022,44361895,,,4,2,,86.47,85.67,51784059
일간,대한민국,2023/02/18,,44777018,44361893,,,98,128,,86.47,85.67,51784059
일간,대한민국,2023/02/17,,44776920,44361765,,,227,261,,86.47,85.67,51784059
일간,대한민국,2023/02/16,,44776693,44361504,,,154,179,,86.47,85.67,51784059
일간,대한민국,2023/02/15,,44776539,44361325,,,228,247,,86.47,85.67,51784059
일간,대한민국,2023/02/14,,44776311,44361078,,,191,181,,86.47,85.67,51784059
일간,대한민국,2023/02/13,,44776120,44360897,,,165,137,,86.47,85.67,51784059
일간,대한민국,2023/02/12,,44775955,44360760,,,5,6,,86.47,85.66,51784059
일간,대한민국,2023/02/11,,44775950,44360754,,,114,120,,86.47,85.66,51784059
일간,대한민국,2023/02/10,,44775836,44360634,,,196,295,,86.47,85.66,51784059
일간,대한민국,2023/02/09,,44775640,44360339,,,147,207,,86.47,85.66,51784059
일간,대한민국,2023/02/08,,44775493,44360132,,,164,214,,86.47,85.66,51784059
일간,대한민국,2023/02/07,,44775329,44359918,,,134,213,,86.47,85.66,51784059
일간,대한민국,2023/02/06,,44775195,44359705,,,144,228,,86.47,85.66,51784059
일간,대한민국,2023/02/05,,44775051,44359477,,,4,8,,86.46,85.66,51784059
일간,대한민국,2023/02/04,,44775047,44359469,,,99,123,,86.46,85.66,51784059
일간,대한민국,2023/02/03,,44774948,44359346,,,211,314,,86.46,85.66,51784059
일간,대한민국,2023/02/02,,44774737,44359032,,,133,202,,86.46,85.66,51784059
일간,대한민국,2023/02/01,,44774604,44358830,,,146,236,,86.46,85.66,51784059
일간,대한민국,2023/01/31,,44774458,44358594,,,194,296,,86.46,85.66,51784059
일간,대한민국,2023/01/30,,44774264,44358298,,,203,303,,86.46,85.66,51784059
일간,대한민국,2023/01/29,,44774061,44357995,,,6,6,,86.46,85.66,51784059
일간,대한민국,2023/01/28,,44774055,44357989,,,118,221,,86.46,85.66,51784059
일간,대한민국,2023/01/27,,44773937,44357768,,,242,461,,86.46,85.66,51784059
일간,대한민국,2023/01/26,,44773695,44357307,,,199,324,,86.46,85.66,51784059
일간,대한민국,2023/01/25,,44773496,44356983,,,206,325,,86.46,85.66,51784059
일간,대한민국,2023/01/24,,44773290,44356658,,,17,24,,86.46,85.66,51784059
일간,대한민국,2023/01/23,,44773273,44356634,,,2,3,,86.46,85.66,51784059
일간,대한민국,2023/01/22,,44773271,44356631,,,2,0,,86.46,85.66,51784059
일간,대한민국,2023/01/21,,44773269,44356631,,,12,28,,86.46,85.66,51784059
일간,대한민국,2023/01/20,,44773257,44356603,,,319,398,,86.46,85.66,51784059
일간,대한민국,2023/01/19,,44772938,44356205,,,248,259,,86.46,85.66,51784059
일간,대한민국,2023/01/18,,44772690,44355946,,,274,290,,86.46,85.66,51784059
일간,대한민국,2023/01/17,,44772416,44355656,,,195,276,,86.46,85.66,51784059
일간,대한민국,2023/01/16,,44772221,44355380,,,265,319,,86.46,85.65,51784059
일간,대한민국,2023/01/15,,44771956,44355061,,,1,2,,86.46,85.65,51784059
일간,대한민국,2023/01/14,,44771955,44355059,,,134,160,,86.46,85.65,51784059
일간,대한민국,2023/01/13,,44771821,44354899,,,311,388,,86.46,85.65,51784059
일간,대한민국,2023/01/12,,44771510,44354511,,,294,282,,86.46,85.65,51784059
일간,대한민국,2023/01/11,,44771216,44354229,,,327,270,,86.46,85.65,51784059
일간,대한민국,2023/01/10,,44770889,44353959,,,275,251,,86.46,85.65,51784059
일간,대한민국,2023/01/09,,44770614,44353708,,,262,270,,86.46,85.65,51784059
일간,대한민국,2023/01/08,,44770352,44353438,,,7,3,,86.46,85.65,51784059
일간,대한민국,2023/01/07,,44770345,44353435,,,155,174,,86.46,85.65,51784059
일간,대한민국,2023/01/06,,44770190,44353261,,,317,416,,86.46,85.65,51784059
일간,대한민국,2023/01/05,,44769873,44352845,,,242,250,,86.45,85.65,51784059
일간,대한민국,2023/01/04,,44769631,44352595,,,195,218,,86.45,85.65,51784059
일간,대한민국,2023/01/03,,44769436,44352377,,,242,249,,86.45,85.65,51784059
일간,대한민국,2023/01/02,,44769194,44352128,,,207,264,,86.45,85.65,51784059
일간,대한민국,2023/01/01,,44768987,44351864,,,0,1,,86.45,85.65,51784059
일간,대한민국,2022/12/31,,44768987,44351863,,,115,114,,86.4,85.6,51815810
일간,대한민국,2022/12/30,,44768872,44351749,,,331,390,,86.4,85.6,51815810
일간,대한민국,2022/12/29,,44768541,44351359,,,250,278,,86.4,85.59,51815810
일간,대한민국,2022/12/28,,44768291,44351081,,,254,302,,86.4,85.59,51815810
일간,대한민국,2022/12/27,,44768037,44350779,,,249,263,,86.4,85.59,51815810
일간,대한민국,2022/12/26,,44767788,44350516,,,262,235,,86.4,85.59,51815810
일간,대한민국,2022/12/25,,44767526,44350281,,,0,4,,86.4,85.59,51815810
일간,대한민국,2022/12/24,,44767526,44350277,,,119,130,,86.4,85.59,51815810
일간,대한민국,2022/12/23,,44767407,44350147,,,281,337,,86.4,85.59,51815810
일간,대한민국,2022/12/22,,44767126,44349810,,,214,243,,86.4,85.59,51815810
일간,대한민국,2022/12/21,,44766912,44349567,,,236,250,,86.4,85.59,51815810
일간,대한민국,2022/12/20,,44766676,44349317,,,257,250,,86.4,85.59,51815810
일간,대한민국,2022/12/19,,44766419,44349067,,,241,268,,86.4,85.59,51815810
일간,대한민국,2022/12/18,,44766178,44348799,,,2,4,,86.39,85.59,51815810
일간,대한민국,2022/12/17,,44766176,44348795,,,165,181,,86.39,85.59,51815810
일간,대한민국,2022/12/16,,44766011,44348614,,,328,422,,86.39,85.59,51815810
일간,대한민국,2022/12/15,,44765683,44348192,,,194,276,,86.39,85.59,51815810
일간,대한민국,2022/12/14,,44765489,44347916,,,266,223,,86.39,85.59,51815810
일간,대한민국,2022/12/13,,44765223,44347693,,,266,263,,86.39,85.59,51815810
일간,대한민국,2022/12/12,129647782,44764957,44347430,41325954,1775,254,250,1304.0,86.39,85.59,51815810
일간,대한민국,2022/12/11,129646007,44764703,44347180,41324650,68,4,10,54.0,86.39,85.59,51815810
일간,대한민국,2022/12/10,129645939,44764699,44347170,41324596,1296,148,179,974.0,86.39,85.59,51815810
일간,대한민국,2022/12/09,129644643,44764551,44346991,41323622,2630,335,430,1870.0,86.39,85.59,51815810
일간,대한민국,2022/12/08,129642013,44764216,44346561,41321752,2015,254,249,1521.0,86.39,85.59,51815810
일간,대한민국,2022/12/07,129639998,44763962,44346312,41320231,1928,238,254,1446.0,86.39,85.58,51815810
일간,대한민국,2022/12/06,129638070,44763724,44346058,41318785,2015,244,202,1575.0,86.39,85.58,51815810
일간,대한민국,2022/12/05,129636055,44763480,44345856,41317210,2602,242,249,2108.0,86.39,85.58,51815810
일간,대한민국,2022/12/04,129633453,44763238,44345607,41315102,99,4,3,94.0,86.39,85.58,51815810
일간,대한민국,2022/12/03,129633354,44763234,44345604,41315008,2032,212,193,1626.0,86.39,85.58,51815810
일간,대한민국,2022/12/02,129631322,44763022,44345411,41313382,3526,392,403,2727.0,86.39,85.58,51815810
일간,대한민국,2022/12/01,129627796,44762630,44345008,41310655,2638,249,246,2156.0,86.39,85.58,51815810
일간,대한민국,2022/11/30,129625158,44762381,44344762,41308499,2918,319,236,2367.0,86.39,85.58,51815810
일간,대한민국,2022/11/29,129622240,44762062,44344526,41306132,3165,239,217,2699.0,86.39,85.58,51815810
일간,대한민국,2022/11/28,129619075,44761823,44344309,41303433,3840,287,234,3322.0,86.39,85.58,51815810
일간,대한민국,2022/11/27,129615235,44761536,44344075,41300111,111,7,4,101.0,86.39,85.58,51815810
일간,대한민국,2022/11/26,129615124,44761529,44344071,41300010,2585,194,191,2199.0,86.39,85.58,51815810
일간,대한민국,2022/11/25,129612539,44761335,44343880,41297811,5566,430,448,4689.0,86.39,85.58,51815810
일간,대한민국,2022/11/24,129606973,44760905,44343432,41293122,4110,294,266,3547.0,86.38,85.58,51815810
일간,대한민국,2022/11/23,129602863,44760611,44343166,41289575,3827,275,259,3286.0,86.38,85.58,51815810
일간,대한민국,2022/11/22,129599036,44760336,44342907,41286289,3896,266,220,3409.0,86.38,85.58,51815810
일간,대한민국,2022/11/21,129595140,44760070,44342687,41282880,4401,261,250,3890.0,86.38,85.58,51815810
일간,대한민국,2022/11/20,129590739,44759809,44342437,41278990,100,4,2,94.0,86.38,85.58,51815810
일간,대한민국,2022/11/19,129590639,44759805,44342435,41278896,2842,178,247,2419.0,86.38,85.58,51815810
일간,대한민국,2022/11/18,129587797,44759627,44342188,41276477,6340,410,468,5467.0,86.38,85.58,51815810
일간,대한민국,2022/11/17,129581457,44759217,44341720,41271010,4621,229,229,4171.0,86.38,85.58,51815810
일간,대한민국,2022/11/16,129576836,44758988,44341491,41266839,4039,215,250,3580.0,86.38,85.58,51815810
일간,대한민국,2022/11/15,129572797,44758773,44341241,41263259,3904,202,188,3518.0,86.38,85.57,51815810
일간,대한민국,2022/11/14,129568893,44758571,44341053,41259741,4452,188,236,4024.0,86.38,85.57,51815810
일간,대한민국,2022/11/13,129564441,44758383,44340817,41255717,86,3,5,79.0,86.38,85.57,51815810
일간,대한민국,2022/11/12,129564355,44758380,44340812,41255638,2934,175,207,2557.0,86.38,85.57,51815810
일간,대한민국,2022/11/11,129561421,44758205,44340605,41253081,7063,386,500,6181.0,86.38,85.57,51815810
일간,대한민국,2022/11/10,129554358,44757819,44340105,41246900,4805,197,221,4386.0,86.38,85.57,51815810
일간,대한민국,2022/11/09,129549553,44757622,44339884,41242514,4011,186,244,3583.0,86.38,85.57,51815810
일간,대한민국,2022/11/08,129545542,44757436,44339640,41238931,4027,177,228,3622.0,86.38,85.57,51815810
일간,대한민국,2022/11/07,129541515,44757259,44339412,41235309,4741,179,180,4389.0,86.38,85.57,51815810
일간,대한민국,2022/11/06,129536774,44757080,44339232,41230920,69,2,0,67.0,86.38,85.57,51815810
일간,대한민국,2022/11/05,129536705,44757078,44339232,41230853,3191,135,176,2882.0,86.38,85.57,51815810
일간,대한민국,2022/11/04,129533514,44756943,44339056,41227971,8094,380,390,7331.0,86.38,85.57,51815810
일간,대한민국,2022/11/03,129525420,44756563,44338666,41220640,5752,189,255,5320.0,86.38,85.57,51815810
일간,대한민국,2022/11/02,129519668,44756374,44338411,41215320,4894,191,211,4496.0,86.38,85.57,51815810
일간,대한민국,2022/11/01,129514774,44756183,44338200,41210824,5000,160,226,4612.0,86.38,85.57,51815810
일간,대한민국,2022/10/31,129509774,44756023,44337974,41206212,5768,184,197,5391.0,86.38,85.57,51815810
일간,대한민국,2022/10/30,129504006,44755839,44337777,41200821,98,4,7,88.0,86.37,85.57,51815810
일간,대한민국,2022/10/29,129503908,44755835,44337770,41200733,3697,189,278,3231.0,86.37,85.57,51815810
일간,대한민국,2022/10/28,129500211,44755646,44337492,41197502,,395,637,,86.37,85.57,51815810
일간,대한민국,2022/10/27,,44755251,44336855,,,182,271,,86.37,85.57,51815810
일간,대한민국,2022/10/26,129483272,44755069,44336584,41182036,6007,196,267,5543.0,86.37,85.57,51815810
일간,대한민국,2022/10/25,129477265,44754873,44336317,41176493,5962,174,222,5560.0,86.37,85.57,51815810
일간,대한민국,2022/10/24,129471303,44754699,44336095,41170933,6890,246,242,6412.0,86.37,85.56,51815810
일간,대한민국,2022/10/23,129464413,44754453,44335853,41164521,104,1,3,100.0,86.37,85.56,51815810
일간,대한민국,2022/10/22,129464309,44754452,44335850,41164421,3893,181,374,3343.0,86.37,85.56,51815810
일간,대한민국,2022/10/21,129460416,44754271,44335476,41161078,10359,386,704,9271.0,86.37,85.56,51815810
일간,대한민국,2022/10/20,129450057,44753885,44334772,41151807,6866,182,294,6402.0,86.37,85.56,51815810
일간,대한민국,2022/10/19,129443191,44753703,44334478,41145405,5976,198,332,5454.0,86.37,85.56,51815810
일간,대한민국,2022/10/18,129437215,44753505,44334146,41139951,5736,198,273,5262.0,86.37,85.56,51815810
일간,대한민국,2022/10/17,129431479,44753307,44333873,41134689,6258,182,311,5766.0,86.37,85.56,51815810
일간,대한민국,2022/10/16,129425221,44753125,44333562,41128923,65,3,13,50.0,86.37,85.56,51815810
일간,대한민국,2022/10/15,129425156,44753122,44333549,41128873,3524,143,377,3004.0,86.37,85.56,51815810
일간,대한민국,2022/10/14,129421632,44752979,44333172,41125869,9642,386,864,8391.0,86.37,85.56,51815810
일간,대한민국,2022/10/13,129411990,44752593,44332308,41117478,6463,188,341,5940.0,86.37,85.56,51815810
일간,대한민국,2022/10/12,129405527,44752405,44331967,41111538,5748,191,321,5243.0,86.37,85.56,51815810
일간,대한민국,2022/10/11,129399779,44752214,44331646,41106295,6215,156,350,5710.0,86.37,85.56,51815810
일간,대한민국,2022/10/10,129393564,44752058,44331296,41100585,901,41,62,799.0,86.37,85.56,51815810
일간,대한민국,2022/10/09,129392663,44752017,44331234,41099786,77,1,7,69.0,86.37,85.56,51815810
일간,대한민국,2022/10/08,129392586,44752016,44331227,41099717,4030,190,384,3456.0,86.37,85.56,51815810
일간,대한민국,2022/10/07,129388556,44751826,44330843,41096261,11403,348,765,10294.0,86.37,85.55,51815810
일간,대한민국,2022/10/06,129377153,44751478,44330078,41085967,7480,204,377,6907.0,86.37,85.55,51815810
일간,대한민국,2022/10/05,129369673,44751274,44329701,41079060,6805,171,369,6280.0,86.37,85.55,51815810
일간,대한민국,2022/10/04,129362868,44751103,44329332,41072780,7081,157,347,6577.0,86.37,85.55,51815810
일간,대한민국,2022/10/03,129355787,44750946,44328985,41066203,370,12,33,323.0,86.37,85.55,51815810
일간,대한민국,2022/10/02,129355417,44750934,44328952,41065880,102,0,10,92.0,86.37,85.55,51815810
일간,대한민국,2022/10/01,129355315,44750934,44328942,41065788,4492,143,350,4000.0,86.37,85.55,51815810
일간,대한민국,2022/09/30,129350823,44750791,44328592,41061788,14267,383,837,13043.0,86.37,85.55,51815810
일간,대한민국,2022/09/29,129336556,44750408,44327755,41048745,9674,187,378,9121.0,86.36,85.55,51815810
일간,대한민국,2022/09/28,129326882,44750221,44327377,41039624,8232,180,391,7667.0,86.36,85.55,51815810
일간,대한민국,2022/09/27,129318650,44750041,44326986,41031957,8329,183,276,7861.0,86.36,85.55,51815810
일간,대한민국,2022/09/26,129310321,44749858,44326710,41024096,9617,201,329,9086.0,86.36,85.55,51815810
일간,대한민국,2022/09/25,129300704,44749657,44326381,41015010,88,1,1,86.0,86.36,85.55,51815810
일간,대한민국,2022/09/24,129300616,44749656,44326380,41014924,5282,176,352,4757.0,86.36,85.55,51815810
일간,대한민국,2022/09/23,129295334,44749480,44326028,41010167,16871,402,727,15735.0,86.36,85.55,51815810
일간,대한민국,2022/09/22,129278463,44749078,44325301,40994432,11899,218,342,11340.0,86.36,85.54,51815810
일간,대한민국,2022/09/21,129266564,44748860,44324959,40983092,10459,203,306,9961.0,86.36,85.54,51815810
일간,대한민국,2022/09/20,129256105,44748657,44324653,40973131,11587,243,343,11002.0,86.36,85.54,51815810
일간,대한민국,2022/09/19,129244518,44748414,44324310,40962129,12437,220,382,11846.0,86.36,85.54,51815810
일간,대한민국,2022/09/18,129232081,44748194,44323928,40950283,152,2,4,147.0,86.36,85.54,51815810
일간,대한민국,2022/09/17,129231929,44748192,44323924,40950136,8537,282,579,7681.0,86.36,85.54,51815810
일간,대한민국,2022/09/16,129223392,44747910,44323345,40942455,24652,537,1088,23022.0,86.36,85.54,51815810
일간,대한민국,2022/09/15,129198740,44747373,44322257,40919433,15025,272,457,14303.0,86.36,85.54,51815810
일간,대한민국,2022/09/14,129183715,44747101,44321800,40905130,14598,254,479,13858.0,86.36,85.54,51815810
일간,대한민국,2022/09/13,129169117,44746847,44321321,40891272,12316,245,400,11669.0,86.36,85.54,51815810
일간,대한민국,2022/09/12,129156801,44746602,44320921,40879603,923,58,71,797.0,86.36,85.54,51815810
일간,대한민국,2022/09/11,129155878,44746544,44320850,40878806,34,3,1,31.0,86.36,85.54,51815810
일간,대한민국,2022/09/10,129155844,44746541,44320849,40878775,65,4,1,61.0,86.36,85.54,51815810
일간,대한민국,2022/09/09,129155779,44746537,44320848,40878714,1024,58,57,910.0,86.36,85.54,51815810
일간,대한민국,2022/09/08,129154755,44746479,44320791,40877804,15244,366,378,14514.0,86.36,85.54,51815810
일간,대한민국,2022/09/07,129139511,44746113,44320413,40863290,15423,361,402,14668.0,86.36,85.53,51815810
일간,대한민국,2022/09/06,129124088,44745752,44320011,40848622,14732,246,262,14219.0,86.36,85.53,51815810
일간,대한민국,2022/09/05,129109356,44745506,44319749,40834403,17526,265,229,17037.0,86.35,85.53,51815810
일간,대한민국,2022/09/04,129091830,44745241,44319520,40817366,211,10,8,195.0,86.35,85.53,51815810
일간,대한민국,2022/09/03,129091619,44745231,44319512,40817171,12391,316,347,11731.0,86.35,85.53,51815810
일간,대한민국,2022/09/02,129079228,44744915,44319165,40805440,37001,609,658,35734.0,86.35,85.53,51815810
일간,대한민국,2022/09/01,129042227,44744306,44318507,40769706,22125,304,304,21518.0,86.35,85.53,51815810
일간,대한민국,2022/08/31,129020102,44744002,44318203,40748188,24790,291,298,24196.0,86.35,85.53,51815810
일간,대한민국,2022/08/30,128995312,44743711,44317905,40723992,27861,292,269,27296.0,86.35,85.53,51815810
일간,대한민국,2022/08/29,128967451,44743419,44317636,40696696,29101,293,355,28449.0,86.35,85.53,51815810
일간,대한민국,2022/08/28,128938350,44743126,44317281,40668247,342,3,2,337.0,86.35,85.53,51815810
일간,대한민국,2022/08/27,128938008,44743123,44317279,40667910,20421,407,309,19706.0,86.35,85.53,51815810
일간,대한민국,2022/08/26,128917587,44742716,44316970,40648204,63537,836,726,61976.0,86.35,85.53,51815810
일간,대한민국,2022/08/25,128854050,44741880,44316244,40586228,36710,391,374,35940.0,86.35,85.53,51815810
일간,대한민국,2022/08/24,128817340,44741489,44315870,40550288,35887,374,367,35137.0,86.35,85.53,51815810
일간,대한민국,2022/08/23,128781453,44741115,44315503,40515151,41891,410,295,41173.0,86.35,85.53,51815810
일간,대한민국,2022/08/22,128739562,44740705,44315208,40473978,43475,434,393,42647.0,86.35,85.52,51815810
일간,대한민국,2022/08/21,128696087,44740271,44314815,40431331,676,9,2,665.0,86.34,85.52,51815810
일간,대한민국,2022/08/20,128695411,44740262,44314813,40430666,34186,525,314,33346.0,86.34,85.52,51815810
일간,대한민국,2022/08/19,128661225,44739737,44314499,40397320,102115,1145,802,100162.0,86.34,85.52,51815810
일간,대한민국,2022/08/18,128559110,44738592,44313697,40297158,56696,502,428,55759.0,86.34,85.52,51815810
일간,대한민국,2022/08/17,128502414,44738090,44313269,40241399,57909,528,385,56992.0,86.34,85.52,51815810
일간,대한민국,2022/08/16,128444505,44737562,44312884,40184407,54189,527,350,53300.0,86.34,85.52,51815810
일간,대한민국,2022/08/15,128390316,44737035,44312534,40131107,2366,59,48,2261.0,86.34,85.52,51815810
일간,대한민국,2022/08/14,128387950,44736976,44312486,40128846,677,2,7,668.0,86.34,85.52,51815810
일간,대한민국,2022/08/13,128387273,44736974,44312479,40128178,39135,367,341,38428.0,86.34,85.52,51815810
일간,대한민국,2022/08/12,128348138,44736607,44312138,40089750,115795,928,826,114030.0,86.34,85.52,51815810
일간,대한민국,2022/08/11,128232343,44735679,44311312,39975720,63629,441,405,62775.0,86.34,85.52,51815810
일간,대한민국,2022/08/10,128168714,44735238,44310907,39912945,68885,470,446,67940.0,86.34,85.52,51815810
일간,대한민국,2022/08/09,128099829,44734768,44310461,39845005,79329,538,400,78375.0,86.33,85.52,51815810
일간,대한민국,2022/08/08,128020500,44734230,44310061,39766630,81188,583,463,80125.0,86.33,85.51,51815810
일간,대한민국,2022/08/07,127939312,44733647,44309598,39686505,1107,10,4,1093.0,86.33,85.51,51815810
일간,대한민국,2022/08/06,127938205,44733637,44309594,39685412,54049,402,363,53291.0,86.33,85.51,51815810
일간,대한민국,2022/08/05,127884156,44733235,44309231,39632121,168925,1048,823,167047.0,86.33,85.51,51815810
일간,대한민국,2022/08/04,127715231,44732187,44308408,39465074,87384,590,454,86334.0,86.33,85.51,51815810
일간,대한민국,2022/08/03,127627847,44731597,44307954,39378740,96583,511,419,95645.0,86.33,85.51,51815810
일간,대한민국,2022/08/02,127531264,44731086,44307535,39283095,108202,448,380,107354.0,86.33,85.51,51815810
일간,대한민국,2022/08/01,127423062,44730638,44307155,39175741,104963,508,435,104020.0,86.33,85.51,51815810
일간,대한민국,2022/07/31,127318099,44730130,44306720,39071721,482,2,4,475.0,86.33,85.51,51815810
일간,대한민국,2022/07/30,127317617,44730128,44306716,39071246,29731,298,373,29064.0,86.33,85.51,51815810
일간,대한민국,2022/07/29,127287886,44729830,44306343,39042182,109310,860,957,107465.0,86.32,85.51,51815810
일간,대한민국,2022/07/28,127178576,44728970,44305386,38934717,61535,492,473,60539.0,86.32,85.51,51815810
일간,대한민국,2022/07/27,127117041,44728478,44304913,38874178,69619,517,394,68672.0,86.32,85.5,51815810
일간,대한민국,2022/07/26,127047422,44727961,44304519,38805506,75071,458,495,74089.0,86.32,85.5,51815810
일간,대한민국,2022/07/25,126972351,44727503,44304024,38731417,78390,589,522,77275.0,86.32,85.5,51815810
일간,대한민국,2022/07/24,126893961,44726914,44303502,38654142,863,9,7,847.0,86.32,85.5,51815810
일간,대한민국,2022/07/23,126893098,44726905,44303495,38653295,48699,607,584,47501.0,86.32,85.5,51815810
일간,대한민국,2022/07/22,126844399,44726298,44302911,38605794,178017,1305,1304,175382.0,86.32,85.5,51815810
일간,대한민국,2022/07/21,126666382,44724993,44301607,38430412,87680,602,582,86473.0,86.32,85.5,51815810
일간,대한민국,2022/07/20,126578702,44724391,44301025,38343939,87262,572,557,86111.0,86.31,85.5,51815810
일간,대한민국,2022/07/19,126491440,44723819,44300468,38257828,78777,447,420,77888.0,86.31,85.5,51815810
일간,대한민국,2022/07/18,126412663,44723372,44300048,38179940,67125,449,466,66215.0,86.31,85.5,51815810
일간,대한민국,2022/07/17,126345538,44722923,44299582,38113725,266,8,5,253.0,86.31,85.49,51815810
일간,대한민국,2022/07/16,126345272,44722915,44299577,38113472,17675,378,560,16737.0,86.31,85.49,51815810
일간,대한민국,2022/07/15,126327597,44722537,44299017,38096735,66900,801,1229,64874.0,86.31,85.49,51815810
일간,대한민국,2022/07/14,126260697,44721736,44297788,38031861,31128,383,511,30221.0,86.31,85.49,51815810
일간,대한민국,2022/07/13,126229569,44721353,44297277,38001640,27912,329,456,27130.0,86.31,85.49,51815810
일간,대한민국,2022/07/12,126201657,44721024,44296821,37974510,23747,300,374,23064.0,86.31,85.49,51815810
일간,대한민국,2022/07/11,126177910,44720724,44296447,37951446,19102,359,490,18249.0,86.31,85.49,51815810
일간,대한민국,2022/07/10,126158808,44720365,44295957,37933197,154,8,9,137.0,86.31,85.49,51815810
일간,대한민국,2022/07/09,126158654,44720357,44295948,37933060,9439,300,706,8437.0,86.31,85.49,51815810
일간,대한민국,2022/07/08,126149215,44720057,44295242,37924623,36149,693,1407,34046.0,86.31,85.49,51815810
일간,대한민국,2022/07/07,126113066,44719364,44293835,37890577,16735,309,585,15829.0,86.3,85.48,51815810
일간,대한민국,2022/07/06,126096331,44719055,44293250,37874748,15655,291,550,14808.0,86.3,85.48,51815810
일간,대한민국,2022/07/05,126080676,44718764,44292700,37859940,13569,221,435,12899.0,86.3,85.48,51815810
일간,대한민국,2022/07/04,126067107,44718543,44292265,37847041,11209,290,477,10448.0,86.3,85.48,51815810
일간,대한민국,2022/07/03,126055898,44718253,44291788,37836593,90,6,11,73.0,86.3,85.48,51815810
일간,대한민국,2022/07/02,126055808,44718247,44291777,37836520,5880,283,725,4878.0,86.3,85.48,51815810
일간,대한민국,2022/07/01,126049928,44717964,44291052,37831642,20931,522,1610,18786.0,86.3,85.48,51815810
일간,대한민국,2022/06/30,126028997,44717442,44289442,37812856,12492,278,376,11821.0,86.3,85.47,51815810
일간,대한민국,2022/06/29,126016505,44717164,44289066,37801035,12813,309,651,11832.0,86.3,85.47,51815810
일간,대한민국,2022/06/28,126003692,44716855,44288415,37789203,12872,223,545,12090.0,86.3,85.47,51815810
일간,대한민국,2022/06/27,125990820,44716632,44287870,37777113,11215,260,528,10438.0,86.3,85.47,51815810
일간,대한민국,2022/06/26,125979605,44716372,44287342,37766675,111,4,13,96.0,86.3,85.47,51815810
일간,대한민국,2022/06/25,125979494,44716368,44287329,37766579,6387,262,1105,5023.0,86.3,85.47,51815810
일간,대한민국,2022/06/24,125973107,44716106,44286224,37761556,24427,591,2389,21440.0,86.3,85.47,51815810
일간,대한민국,2022/06/23,125948680,44715515,44283835,37740116,12673,289,775,11603.0,86.3,85.46,51815810
일간,대한민국,2022/06/22,125936007,44715226,44283060,37728513,12560,284,637,11625.0,86.3,85.46,51815810
일간,대한민국,2022/06/21,125923447,44714942,44282423,37716888,12713,247,606,11846.0,86.3,85.46,51815810
일간,대한민국,2022/06/20,125910734,44714695,44281817,37705042,11074,248,623,10198.0,86.3,85.46,51815810
일간,대한민국,2022/06/19,125899660,44714447,44281194,37694844,81,2,12,68.0,86.29,85.46,51815810
일간,대한민국,2022/06/18,125899579,44714445,44281182,37694776,6587,245,1206,5138.0,86.29,85.46,51815810
일간,대한민국,2022/06/17,125892992,44714200,44279976,37689638,25273,587,3072,21600.0,86.29,85.46,51815810
일간,대한민국,2022/06/16,125867719,44713613,44276904,37668038,13819,348,894,12571.0,86.29,85.45,51815810
일간,대한민국,2022/06/15,125853900,44713265,44276010,37655467,15882,288,859,14710.0,86.29,85.45,51815810
일간,대한민국,2022/06/14,125838018,44712977,44275151,37640757,15627,294,656,14657.0,86.29,85.45,51815810
일간,대한민국,2022/06/13,125822391,44712683,44274495,37626100,14827,316,869,13633.0,86.29,85.45,51815810
일간,대한민국,2022/06/12,125807564,44712367,44273626,37612467,145,4,21,123.0,86.29,85.44,51815810
일간,대한민국,2022/06/11,125807419,44712363,44273605,37612344,9129,318,1648,7163.0,86.29,85.44,51815810
일간,대한민국,2022/06/10,125798290,44712045,44271957,37605181,36694,756,4504,31410.0,86.29,85.44,51815810
일간,대한민국,2022/06/09,125761596,44711289,44267453,37573771,19049,391,1297,17356.0,86.29,85.43,51815810
일간,대한민국,2022/06/08,125742547,44710898,44266156,37556415,22911,389,1554,20954.0,86.29,85.43,51815810
일간,대한민국,2022/06/07,125719636,44710509,44264602,37535461,20641,363,993,19272.0,86.29,85.43,51815810
일간,대한민국,2022/06/06,125698995,44710146,44263609,37516189,1029,46,158,828.0,86.29,85.42,51815810
일간,대한민국,2022/06/05,125697966,44710100,44263451,37515361,177,7,27,146.0,86.29,85.42,51815810
일간,대한민국,2022/06/04,125697789,44710093,44263424,37515215,13672,481,2408,10790.0,86.29,85.42,51815810
일간,대한민국,2022/06/03,125684117,44709612,44261016,37504425,52337,1023,6224,45081.0,86.29,85.42,51815810
일간,대한민국,2022/06/02,125631780,44708589,44254792,37459344,27689,489,1786,25397.0,86.28,85.41,51815810
일간,대한민국,2022/06/01,125604091,44708100,44253006,37433947,3528,92,468,2971.0,86.28,85.4,51815810
일간,대한민국,2022/05/31,125600563,44708008,44252538,37430976,34162,545,1316,32284.0,86.28,85.4,51815810
일간,대한민국,2022/05/30,125566401,44707463,44251222,37398692,33000,511,1503,30983.0,86.28,85.4,51815810
일간,대한민국,2022/05/29,125533401,44706952,44249719,37367709,310,9,25,277.0,86.28,85.4,51815810
일간,대한민국,2022/05/28,125533091,44706943,44249694,37367432,20552,522,3049,16983.0,86.28,85.4,51815810
일간,대한민국,2022/05/27,125512539,44706421,44246645,37350449,80479,1249,6634,72577.0,86.28,85.39,51815810
일간,대한민국,2022/05/26,125432060,44705172,44240011,37277872,44671,584,1882,42184.0,86.28,85.38,51815810
일간,대한민국,2022/05/25,125387389,44704588,44238129,37235688,45347,499,948,43868.0,86.28,85.38,51815810
일간,대한민국,2022/05/24,125342042,44704089,44237181,37191820,50811,405,696,49673.0,86.27,85.37,51815810
일간,대한민국,2022/05/23,125291231,44703684,44236485,37142147,42609,482,752,41364.0,86.27,85.37,51815810
일간,대한민국,2022/05/22,125248622,44703202,44235733,37100783,348,8,18,324.0,86.27,85.37,51815810
일간,대한민국,2022/05/21,125248274,44703194,44235715,37100459,24264,542,786,22937.0,86.27,85.37,51815810
일간,대한민국,2022/05/20,125224010,44702652,44234929,37077522,105058,1141,1920,101978.0,86.27,85.37,51815810
일간,대한민국,2022/05/19,125118952,44701511,44233009,36975544,61288,495,829,59931.0,86.27,85.37,51815810
일간,대한민국,2022/05/18,125057664,44701016,44232180,36915613,64468,513,760,63164.0,86.27,85.36,51815810
일간,대한민국,2022/05/17,124993196,44700503,44231420,36852449,76340,499,677,75135.0,86.27,85.36,51815810
일간,대한민국,2022/05/16,124916856,44700004,44230743,36777314,63818,571,758,62466.0,86.27,85.36,51815810
일간,대한민국,2022/05/15,124853038,44699433,44229985,36714848,529,16,12,503.0,86.27,85.36,51815810
일간,대한민국,2022/05/14,124852509,44699417,44229973,36714345,36957,712,756,35491.0,86.27,85.36,51815810
일간,대한민국,2022/05/13,124815552,44698705,44229217,36678854,163896,1468,1939,160436.0,86.26,85.36,51815810
일간,대한민국,2022/05/12,124651656,44697237,44227278,36518418,104959,695,913,103313.0,86.26,85.35,51815810
일간,대한민국,2022/05/11,124546697,44696542,44226365,36415105,107286,595,894,105769.0,86.26,85.35,51815810
일간,대한민국,2022/05/10,124439411,44695947,44225471,36309336,127652,599,811,126199.0,86.26,85.35,51815810
일간,대한민국,2022/05/09,124311759,44695348,44224660,36183137,107700,711,900,106084.0,86.26,85.35,51815810
일간,대한민국,2022/05/08,124204059,44694637,44223760,36077053,665,15,17,635.0,86.26,85.35,51815810
일간,대한민국,2022/05/07,124203394,44694622,44223743,36076418,50112,606,764,48740.0,86.26,85.35,51815810
일간,대한민국,2022/05/06,124153282,44694016,44222979,36027678,254970,1979,2562,250381.0,86.26,85.35,51815810
일간,대한민국,2022/05/05,123898312,44692037,44220417,35777297,3725,60,67,3603.0,86.25,85.34,51815810
일간,대한민국,2022/05/04,123894587,44691977,44220350,35773694,162497,893,923,160633.0,86.25,85.34,51815810
일간,대한민국,2022/05/03,123732090,44691084,44219427,35613061,181745,730,942,180013.0,86.25,85.34,51815810
일간,대한민국,2022/05/02,123550345,44690354,44218485,35433048,167163,830,948,165354.0,86.25,85.34,51815810
일간,대한민국,2022/05/01,123383182,44689524,44217537,35267694,1217,15,20,1185.0,86.25,85.34,51815810
일간,대한민국,2022/04/30,123381965,44689509,44217517,35266509,83619,1272,1141,81211.0,86.25,85.34,51815810
일간,대한민국,2022/04/29,123298346,44688237,44216376,35185298,395193,2899,3247,389009.0,86.24,85.33,51815810
일간,대한민국,2022/04/28,122903153,44685338,44213129,34796289,212346,1056,1330,209899.0,86.24,85.33,51815810
일간,대한민국,2022/04/27,122690807,44684282,44211799,34586390,230761,1034,1102,228560.0,86.24,85.32,51815810
일간,대한민국,2022/04/26,122460046,44683248,44210697,34357830,224939,891,1012,222975.0,86.23,85.32,51815810
일간,대한민국,2022/04/25,122235107,44682357,44209685,34134855,210429,876,1222,208294.0,86.23,85.32,51815810
일간,대한민국,2022/04/24,122024678,44681481,44208463,33926561,620,25,31,566.0,86.23,85.32,51815810
일간,대한민국,2022/04/23,122024058,44681456,44208432,33925995,40838,1340,1333,38172.0,86.23,85.32,51815810
일간,대한민국,2022/04/22,121983220,44680116,44207099,33887823,156364,3801,3976,148537.0,86.23,85.32,51815810
일간,대한민국,2022/04/21,121826856,44676315,44203123,33739286,72392,1145,1461,69756.0,86.22,85.31,51815810
일간,대한민국,2022/04/20,121754464,44675170,44201662,33669530,75387,1046,1116,73184.0,86.22,85.31,51815810
일간,대한민국,2022/04/19,121679077,44674124,44200546,33596346,64107,700,915,62452.0,86.22,85.3,51815810
일간,대한민국,2022/04/18,121614970,44673424,44199631,33533894,62135,792,989,60329.0,86.22,85.3,51815810
일간,대한민국,2022/04/17,121552835,44672632,44198642,33473565,371,28,26,318.0,86.21,85.3,51815810
일간,대한민국,2022/04/16,121552464,44672604,44198616,33473247,27504,1781,1212,24505.0,86.21,85.3,51815810
일간,대한민국,2022/04/15,121524960,44670823,44197404,33448742,102425,5546,3199,93629.0,86.21,85.3,51815810
일간,대한민국,2022/04/14,121422535,44665277,44194205,33355113,50197,1445,1553,47179.0,86.2,85.29,51815810
일간,대한민국,2022/04/13,121372338,44663832,44192652,33307934,20729,1577,1280,17838.0,86.2,85.29,51815810
일간,대한민국,2022/04/12,121351609,44662255,44191372,33290096,14935,1139,1306,12462.0,86.19,85.29,51815810
일간,대한민국,2022/04/11,121336674,44661116,44190066,33277634,19216,1303,1633,16267.0,86.19,85.28,51815810
일간,대한민국,2022/04/10,121317458,44659813,44188433,33261367,277,31,23,224.0,86.19,85.28,51815810
일간,대한민국,2022/04/09,121317181,44659782,44188410,33261143,18653,3534,1337,13769.0,86.19,85.28,51815810
일간,대한민국,2022/04/08,121298528,44656248,44187073,33247374,51246,8011,3902,39263.0,86.18,85.28,51815810
일간,대한민국,2022/04/07,121247282,44648237,44183171,33208111,30102,2524,1900,25642.0,86.17,85.27,51815810
일간,대한민국,2022/04/06,121217180,44645713,44181271,33182469,25654,2227,1618,21742.0,86.16,85.27,51815810
일간,대한민국,2022/04/05,121191526,44643486,44179653,33160727,20340,1942,1841,16499.0,86.16,85.26,51815810
일간,대한민국,2022/04/04,121171186,44641544,44177812,33144228,30821,2879,2640,25271.0,86.15,85.26,51815810
일간,대한민국,2022/04/03,121140365,44638665,44175172,33118957,431,61,49,326.0,86.15,85.25,51815810
일간,대한민국,2022/04/02,121139934,44638604,44175123,33118631,29174,6178,2378,20602.0,86.15,85.25,51815810
일간,대한민국,2022/04/01,121110760,44632426,44172745,33098029,64555,11104,5932,47415.0,86.14,85.25,51815810
일간,대한민국,2022/03/31,121046205,44621322,44166813,33050614,45718,4578,3342,37737.0,86.12,85.24,51815810
일간,대한민국,2022/03/30,121000487,44616744,44163471,33012877,35674,1171,1265,33208.0,86.11,85.23,51815810
일간,대한민국,2022/03/29,120964813,44615573,44162206,32979669,32364,1323,3720,27242.0,86.1,85.23,51815810
일간,대한민국,2022/03/28,120932449,44614250,44158486,32952427,49508,1634,5109,42682.0,86.1,85.22,51815810
일간,대한민국,2022/03/27,120882941,44612616,44153377,32909745,675,30,36,612.0,86.1,85.21,51815810
일간,대한민국,2022/03/26,120882266,44612586,44153341,32909133,39361,1519,1116,36719.0,86.1,85.21,51815810
일간,대한민국,2022/03/25,120842905,44611067,44152225,32872414,85042,3200,2841,78924.0,86.1,85.21,51815810
일간,대한민국,2022/03/24,120757863,44607867,44149384,32793490,53834,1759,1524,50483.0,86.09,85.2,51815810
일간,대한민국,2022/03/23,120704029,44606108,44147860,32743007,46451,1486,1250,43619.0,86.09,85.2,51815810
일간,대한민국,2022/03/22,120657578,44604622,44146610,32699388,43839,1796,1231,40736.0,86.08,85.2,51815810
일간,대한민국,2022/03/21,120613739,44602826,44145379,32658652,61471,2249,2292,56864.0,86.08,85.2,51815810
일간,대한민국,2022/03/20,120552268,44600577,44143087,32601788,690,29,39,626.0,86.08,85.19,51815810
일간,대한민국,2022/03/19,120551578,44600548,44143048,32601162,36657,2081,1932,32627.0,86.08,85.19,51815810
일간,대한민국,2022/03/18,120514921,44598467,44141116,32568535,103558,4695,5627,93100.0,86.07,85.19,51815810
일간,대한민국,2022/03/17,120411363,44593772,44135489,32475435,65405,2490,2702,60101.0,86.06,85.18,51815810
일간,대한민국,2022/03/16,120345958,44591282,44132787,32415334,53851,2187,2420,49106.0,86.06,85.17,51815810
일간,대한민국,2022/03/15,120292107,44589095,44130367,32366228,53974,2440,3300,48099.0,86.05,85.17,51815810
일간,대한민국,2022/03/14,120238133,44586655,44127067,32318129,68785,3657,4878,60144.0,86.05,85.16,51815810
일간,대한민국,2022/03/13,120169348,44582998,44122189,32257985,1021,84,110,830.0,86.04,85.15,51815810
일간,대한민국,2022/03/12,120168327,44582914,44122079,32257155,47392,3988,5398,37968.0,86.04,85.15,51815810
일간,대한민국,2022/03/11,120120935,44578926,44116681,32219187,127900,8803,13863,104966.0,86.03,85.14,51815810
일간,대한민국,2022/03/10,119993035,44570123,44102818,32114221,90591,5085,6333,78967.0,86.02,85.11,51815810
일간,대한민국,2022/03/09,119902444,44565038,44096485,32035254,11424,1076,1274,9064.0,86.01,85.1,51815810
일간,대한민국,2022/03/08,119891020,44563962,44095211,32026190,68323,5791,5144,57196.0,86,85.1,51815810
일간,대한민국,2022/03/07,119822697,44558171,44090067,31968994,91748,7750,5825,77968.0,85.99,85.09,51815810
일간,대한민국,2022/03/06,119730949,44550421,44084242,31891026,2106,83,204,1823.0,85.98,85.08,51815810
일간,대한민국,2022/03/05,119728843,44550338,44084038,31889203,62941,2299,5626,55001.0,85.98,85.08,51815810
일간,대한민국,2022/03/04,119665902,44548039,44078412,31834202,130991,3461,7675,119746.0,85.97,85.07,51815810
일간,대한민국,2022/03/03,119534911,44544578,44070737,31714456,85722,1942,4222,79433.0,85.97,85.05,51815810
일간,대한민국,2022/03/02,119449189,44542636,44066515,31635023,83353,2195,4320,76712.0,85.96,85.04,51815810
일간,대한민국,2022/03/01,119365836,44540441,44062195,31558311,5844,214,371,5265.0,85.96,85.04,51815810
일간,대한민국,2022/02/28,119359992,44540227,44061824,31553046,163588,5622,8274,149586.0,85.96,85.04,51815810
일간,대한민국,2022/02/27,119196404,44534605,44053550,31403460,6891,233,462,6199.0,85.95,85.02,51815810
일간,대한민국,2022/02/26,119189513,44534372,44053088,31397261,133718,4928,8484,120278.0,85.95,85.02,51815810
일간,대한민국,2022/02/25,119055795,44529444,44044604,31276983,254822,8888,13863,231901.0,85.94,85,51815810
일간,대한민국,2022/02/24,118800973,44520556,44030741,31045082,167637,6220,10365,150854.0,85.92,84.98,51815810
일간,대한민국,2022/02/23,118633336,44514336,44020376,30894228,121306,5734,3628,111766.0,85.91,84.96,51815810
일간,대한민국,2022/02/22,118512030,44508602,44016748,30782462,126099,6257,3909,115764.0,85.9,84.95,51815810
일간,대한민국,2022/02/21,118385931,44502345,44012839,30666698,176169,8103,5526,162401.0,85.89,84.94,51815810
일간,대한민국,2022/02/20,118209762,44494242,44007313,30504297,9224,367,591,8268.0,85.87,84.93,51815810
일간,대한민국,2022/02/19,118200538,44493875,44006722,30496029,151936,6249,9518,136128.0,85.87,84.93,51815810
일간,대한민국,2022/02/18,118048602,44487626,43997204,30359901,276192,11492,15242,249284.0,85.86,84.91,51815810
일간,대한민국,2022/02/17,117772410,44476134,43981962,30110617,189289,9079,9957,169984.0,85.84,84.88,51815810
일간,대한민국,2022/02/16,117583121,44467055,43972005,29940633,148317,9172,9541,129359.0,85.82,84.86,51815810
일간,대한민국,2022/02/15,117434804,44457883,43962464,29811274,160427,9719,10616,139798.0,85.8,84.84,51815810
일간,대한민국,2022/02/14,117274377,44448164,43951848,29671476,218381,10397,13571,194239.0,85.78,84.82,51815810
일간,대한민국,2022/02/13,117055996,44437767,43938277,29477237,10040,374,616,9057.0,85.76,84.8,51815810
일간,대한민국,2022/02/12,117045956,44437393,43937661,29468180,187728,5767,12234,169689.0,85.76,84.8,51815810
일간,대한민국,2022/02/11,116858228,44431626,43925427,29298491,336008,8300,19622,307916.0,85.75,84.77,51815810
일간,대한민국,2022/02/10,116522220,44423326,43905805,28990575,226011,5887,13800,206111.0,85.73,84.73,51815810
일간,대한민국,2022/02/09,116296209,44417439,43892005,28784464,165495,5185,12851,147245.0,85.72,84.71,51815810
일간,대한민국,2022/02/08,116130714,44412254,43879154,28637219,185731,5780,15983,163701.0,85.71,84.68,51815810
일간,대한민국,2022/02/07,115944983,44406474,43863171,28473518,277728,8181,22317,247035.0,85.7,84.65,51815810
일간,대한민국,2022/02/06,115667255,44398293,43840854,28226483,13506,459,971,12082.0,85.68,84.61,51815810
일간,대한민국,2022/02/05,115653749,44397834,43839883,28214401,230104,7284,18045,204717.0,85.68,84.61,51815810
일간,대한민국,2022/02/04,115423645,44390550,43821838,28009684,407972,12494,35462,359751.0,85.67,84.57,51815810
일간,대한민국,2022/02/03,115015673,44378056,43786376,27649933,394225,12353,52404,329007.0,85.65,84.5,51815810
일간,대한민국,2022/02/02,114621448,44365703,43733972,27320926,14025,517,868,12647.0,85.62,84.4,51815810
일간,대한민국,2022/02/01,114607423,44365186,43733104,27308279,3323,103,205,3025.0,85.62,84.4,51815810
일간,대한민국,2022/01/31,114604100,44365083,43732899,27305254,21053,614,1009,19435.0,85.62,84.4,51815810
일간,대한민국,2022/01/30,114583047,44364469,43731890,27285819,27037,666,1400,24975.0,85.62,84.4,51815810
일간,대한민국,2022/01/29,114556010,44363803,43730490,27260844,371546,8130,22514,340850.0,85.62,84.4,51815810
일간,대한민국,2022/01/28,114184464,44355673,43707976,26919994,556638,13336,37035,505998.0,85.6,84.35,51815810
일간,대한민국,2022/01/27,113627826,44342337,43670941,26413996,350844,9092,24970,316467.0,85.58,84.28,51815810
일간,대한민국,2022/01/26,113276982,44333245,43645971,26097529,290092,8490,24440,256806.0,85.56,84.23,51815810
일간,대한민국,2022/01/25,112986890,44324755,43621531,25840723,283560,9123,29078,244921.0,85.54,84.19,51815810
일간,대한민국,2022/01/24,112703330,44315632,43592453,25595802,351353,11623,40511,298886.0,85.53,84.13,51815810
일간,대한민국,2022/01/23,112351977,44304009,43551942,25296916,16610,611,1973,14033.0,85.5,84.05,51815810
일간,대한민국,2022/01/22,112335367,44303398,43549969,25282883,286674,9373,17999,259255.0,85.5,84.05,51815810
일간,대한민국,2022/01/21,112048693,44294025,43531970,25023628,544886,15307,58744,470439.0,85.48,84.01,51815810
일간,대한민국,2022/01/20,111503807,44278718,43473226,24553189,337847,10386,44405,282617.0,85.45,83.9,51815810
일간,대한민국,2022/01/19,111165960,44268332,43428821,24270572,272028,10034,44877,216621.0,85.43,83.81,51815810
일간,대한민국,2022/01/18,110893932,44258298,43383944,24053951,322315,12047,46240,263504.0,85.41,83.73,51815810
일간,대한민국,2022/01/17,110571617,44246251,43337704,23790447,474336,15953,71029,386942.0,85.39,83.64,51815810
일간,대한민국,2022/01/16,110097281,44230298,43266675,23403505,21506,791,3451,17270.0,85.36,83.5,51815810
일간,대한민국,2022/01/15,110075775,44229507,43263224,23386235,349342,13101,29324,306834.0,85.36,83.49,51815810
일간,대한민국,2022/01/14,109726433,44216406,43233900,23079401,695391,22477,90709,581583.0,85.33,83.44,51815810
일간,대한민국,2022/01/13,109031042,44193929,43143191,22497818,437536,16183,76703,344064.0,85.29,83.26,51815810
일간,대한민국,2022/01/12,108593506,44177746,43066488,22153754,381982,16291,80510,284460.0,85.26,83.11,51815810
일간,대한민국,2022/01/11,108211524,44161455,42985978,21869294,438064,20104,72889,344276.0,85.23,82.96,51815810
일간,대한민국,2022/01/10,107773460,44141351,42913089,21525018,579169,24816,109297,444428.0,85.19,82.82,51815810
일간,대한민국,2022/01/09,107194291,44116535,42803792,21080590,22218,1117,4772,16338.0,85.14,82.61,51815810
일간,대한민국,2022/01/08,107172073,44115418,42799020,21064252,435087,16308,70731,347889.0,85.14,82.6,51815810
일간,대한민국,2022/01/07,106736986,44099110,42728289,20716363,734056,26102,107146,600151.0,85.11,82.46,51815810
일간,대한민국,2022/01/06,106002930,44073008,42621143,20116212,488798,19686,84928,383512.0,85.06,82.26,51815810
일간,대한민국,2022/01/05,105514132,44053322,42536215,19732700,432278,20957,75547,335119.0,85.02,82.09,51815810
일간,대한민국,2022/01/04,105081854,44032365,42460668,19397581,449509,26657,54971,367207.0,84.98,81.95,51815810
일간,대한민국,2022/01/03,104632345,44005708,42405697,19030374,610504,40441,79233,490347.0,84.93,81.84,51815810
일간,대한민국,2022/01/02,104021841,43965267,42326464,18540027,22317,2118,2475,17728.0,84.85,81.69,51815810
일간,대한민국,2022/01/01,103999524,43963149,42323989,18522299,43894,4280,4974,34640.0,84.85,81.68,51815810
일간,대한민국,2021/12/31,103955630,43958869,42319015,18487659,850871,53882,58199,738220.0,84.81,81.65,51830139
일간,대한민국,2021/12/30,103104759,43904987,42260816,17749439,642547,47155,45981,548727.0,84.71,81.54,51830139
일간,대한민국,2021/12/29,102462212,43857832,42214835,17200712,636116,49226,46337,539830.0,84.62,81.45,51830139
일간,대한민국,2021/12/28,101826096,43808606,42168498,16660882,711355,45955,43441,621066.0,84.52,81.36,51830139
일간,대한민국,2021/12/27,101114741,43762651,42125057,16039816,905804,76145,64766,764333.0,84.43,81.28,51830139
일간,대한민국,2021/12/26,100208937,43686506,42060291,15275483,31108,3533,1787,25787.0,84.29,81.15,51830139
일간,대한민국,2021/12/25,100177829,43682973,42058504,15249696,76088,10266,5107,60696.0,84.28,81.15,51830139
일간,대한민국,2021/12/24,100101741,43672707,42053397,15189000,925093,79200,43455,801841.0,84.26,81.14,51830139
일간,대한민국,2021/12/23,99176648,43593507,42009942,14387159,716705,80307,34406,601184.0,84.11,81.05,51830139
일간,대한민국,2021/12/22,98459943,43513200,41975536,13785975,756194,90748,39051,625549.0,83.95,80.99,51830139
일간,대한민국,2021/12/21,97703749,43422452,41936485,13160426,811135,74729,38030,697573.0,83.78,80.91,51830139
일간,대한민국,2021/12/20,96892614,43347723,41898455,12462853,1028950,121695,53441,853093.0,83.63,80.84,51830139
일간,대한민국,2021/12/19,95863664,43226028,41845014,11609760,38281,6066,1898,30330.0,83.4,80.73,51830139
일간,대한민국,2021/12/18,95825383,43219962,41843116,11579430,644307,69567,40839,533766.0,83.39,80.73,51830139
일간,대한민국,2021/12/17,95181076,43150395,41802277,11045664,1382042,107740,80623,1193019.0,83.25,80.65,51830139
일간,대한민국,2021/12/16,93799034,43042655,41721654,9852645,1083120,98118,62123,922192.0,83.05,80.5,51830139
일간,대한민국,2021/12/15,92715914,42944537,41659531,8930453,1081173,87924,58107,934480.0,82.86,80.38,51830139
일간,대한민국,2021/12/14,91634741,42856613,41601424,7995973,909265,55188,44068,809328.0,82.69,80.26,51830139
일간,대한민국,2021/12/13,90725476,42801425,41557356,7186645,930146,77123,63418,789241.0,82.58,80.18,51830139
일간,대한민국,2021/12/12,89795330,42724302,41493938,6397404,12654,2142,1602,8925.0,82.43,80.06,51830139
일간,대한민국,2021/12/11,89782676,42722160,41492336,6388479,341950,26250,34875,280790.0,82.43,80.05,51830139
일간,대한민국,2021/12/10,89440726,42695910,41457461,6107689,902450,51686,75804,774541.0,82.38,79.99,51830139
일간,대한민국,2021/12/09,88538276,42644224,41381657,5333148,551097,45474,55462,449712.0,82.28,79.84,51830139
일간,대한민국,2021/12/08,87987179,42598750,41326195,4883436,405907,45988,52138,307297.0,82.19,79.73,51830139
일간,대한민국,2021/12/07,87581272,42552762,41274057,4576139,377153,37996,42469,296192.0,82.1,79.63,51830139
일간,대한민국,2021/12/06,87204119,42514766,41231588,4279947,409575,52538,66530,290251.0,82.03,79.55,51830139
일간,대한민국,2021/12/05,86794544,42462228,41165058,3989696,7977,1804,2144,4075.0,81.93,79.42,51830139
일간,대한민국,2021/12/04,86786567,42460424,41162914,3985621,172788,21700,53473,97568.0,81.92,79.42,51830139
일간,대한민국,2021/12/03,86613779,42438724,41109441,3888053,409357,34468,91419,283188.0,81.88,79.32,51830139
일간,대한민국,2021/12/02,86204422,42404256,41018022,3604865,268865,22796,61234,184477.0,81.81,79.14,51830139
일간,대한민국,2021/12/01,85935557,42381460,40956788,3420388,254776,24034,66126,164315.0,81.77,79.02,51830139
일간,대한민국,2021/11/30,85680781,42357426,40890662,3256073,263649,21930,49281,192157.0,81.72,78.89,51830139
일간,대한민국,2021/11/29,85417132,42335496,40841381,3063916,320348,31124,106617,182247.0,81.68,78.8,51830139
일간,대한민국,2021/11/28,85096784,42304372,40734764,2881669,6035,1066,2105,2924.0,81.62,78.59,51830139
일간,대한민국,2021/11/27,85090749,42303306,40732659,2878745,151925,32675,46187,73014.0,81.62,78.59,51830139
일간,대한민국,2021/11/26,84938824,42270631,40686472,2805731,442865,56128,87922,298333.0,81.56,78.5,51830139
일간,대한민국,2021/11/25,84495959,42214503,40598550,2507398,322515,48337,67577,206149.0,81.45,78.33,51830139
일간,대한민국,2021/11/24,84173444,42166166,40530973,2301249,270829,47062,61775,161664.0,81.35,78.2,51830139
일간,대한민국,2021/11/23,83902615,42119104,40469198,2139585,220215,28639,44222,147075.0,81.26,78.08,51830139
일간,대한민국,2021/11/22,83682400,42090465,40424976,1992510,289410,49552,88347,151334.0,81.21,78,51830139
일간,대한민국,2021/11/21,83392990,42040913,40336629,1841176,6053,1494,2367,2275.0,81.11,77.82,51830139
일간,대한민국,2021/11/20,83386937,42039419,40334262,1838901,109111,27192,39241,42672.0,81.11,77.82,51830139
일간,대한민국,2021/11/19,83277826,42012227,40295021,1796229,284719,49969,78005,156584.0,81.06,77.74,51830139
일간,대한민국,2021/11/18,82993107,41962258,40217016,1639645,238114,45319,60889,131738.0,80.96,77.59,51830139
일간,대한민국,2021/11/17,82754993,41916939,40156127,1507907,249259,45885,67038,136256.0,80.87,77.48,51830139
일간,대한민국,2021/11/16,82505734,41871054,40089089,1371651,224204,33972,47880,142299.0,80.79,77.35,51830139
일간,대한민국,2021/11/15,82281530,41837082,40041209,1229352,317319,62491,89008,165622.0,80.72,77.25,51830139
일간,대한민국,2021/11/14,81964211,41774591,39952201,1063730,8246,2416,3458,2427.0,80.6,77.08,51830139
일간,대한민국,2021/11/13,81955965,41772175,39948743,1061303,208250,55589,101351,51165.0,80.59,77.08,51830139
일간,대한민국,2021/11/12,81747715,41716586,39847392,1010138,374044,78719,149736,145370.0,80.49,76.88,51830139
일간,대한민국,2021/11/11,81373671,41637867,39697656,864768,282492,64505,108934,108857.0,80.34,76.59,51830139
일간,대한민국,2021/11/10,81091179,41573362,39588722,755911,273171,68910,107509,96486.0,80.21,76.38,51830139
일간,대한민국,2021/11/09,80818008,41504452,39481213,659425,274405,46186,125783,101697.0,80.08,76.17,51830139
일간,대한민국,2021/11/08,80543603,41458266,39355430,557728,466182,116951,163904,185042.0,79.99,75.93,51830139
일간,대한민국,2021/11/07,80077421,41341315,39191526,372686,7574,2278,4569,849.0,79.76,75.62,51830139
일간,대한민국,2021/11/06,80069847,41339037,39186957,371837,131453,45627,63285,22588.0,79.76,75.61,51830139
일간,대한민국,2021/11/05,79938394,41293410,39123672,349249,293755,71634,162940,59189.0,79.67,75.48,51830139
일간,대한민국,2021/11/04,79644639,41221776,38960732,290060,230931,60784,124614,45666.0,79.53,75.17,51830139
일간,대한민국,2021/11/03,79413708,41160992,38836118,244394,199511,65133,76403,58021.0,79.42,74.93,51830139
일간,대한민국,2021/11/02,79214197,41095859,38759715,186373,188025,42697,87872,57239.0,79.29,74.78,51830139
일간,대한민국,2021/11/01,79026172,41053162,38671843,129134,237831,83316,119572,35010.0,79.21,74.61,51830139
일간,대한민국,2021/10/31,78788341,40969846,38552271,94124,24694,3076,21512,375.0,79.05,74.38,51830139
일간,대한민국,2021/10/30,78763647,40966770,38530759,93749,399001,36662,358751,3622.0,79.04,74.34,51830139
일간,대한민국,2021/10/29,78364646,40930108,38172008,90127,773490,60751,702007,10654.0,78.97,73.65,51830139
일간,대한민국,2021/10/28,77591156,40869357,37470001,79473,697176,63291,623501,10005.0,78.85,72.29,51830139
일간,대한민국,2021/10/27,76893980,40806066,36846500,69468,350101,77747,258743,13662.0,78.73,71.09,51830139
일간,대한민국,2021/10/26,76543879,40728319,36587757,55806,335683,41286,281280,13307.0,78.58,70.59,51830139
일간,대한민국,2021/10/25,76208196,40687033,36306477,42499,521070,78563,433260,9370.0,78.5,70.05,51830139
일간,대한민국,2021/10/24,75687126,40608470,35873217,33129,20757,3966,17191,128.0,78.35,69.21,51830139
일간,대한민국,2021/10/23,75666369,40604504,35856026,33001,386721,51687,334352,752.0,78.34,69.18,51830139
일간,대한민국,2021/10/22,75279648,40552817,35521674,32249,706302,66242,634072,6387.0,78.24,68.53,51830139
일간,대한민국,2021/10/21,74573346,40486575,34887602,25862,474822,59861,408816,6010.0,78.11,67.31,51830139
일간,대한민국,2021/10/20,74098524,40426714,34478786,19852,397571,69118,323862,4481.0,78,66.52,51830139
일간,대한민국,2021/10/19,73700953,40357596,34154924,15371,486839,37569,446693,2218.0,77.87,65.9,51830139
일간,대한민국,2021/10/18,73214114,40320027,33708231,13153,704105,72014,630367,1624.0,77.79,65.04,51830139
일간,대한민국,2021/10/17,72510009,40248013,33077864,11529,21705,2086,20052,73.0,77.65,63.82,51830139
일간,대한민국,2021/10/16,72488304,40245927,33057812,11456,420059,64435,355555,208.0,77.65,63.78,51830139
일간,대한민국,2021/10/15,72068245,40181492,32702257,11248,812491,89559,720777,2485.0,77.53,63.1,51830139
일간,대한민국,2021/10/14,71255754,40091933,31981480,8763,514789,55038,457656,1897.0,77.35,61.7,51830139
일간,대한민국,2021/10/13,70740965,40036895,31523824,6866,470160,57565,411127,1523.0,77.25,60.82,51830139
일간,대한민국,2021/10/12,70270805,39979330,31112697,5343,708176,105973,600523,887.0,77.14,60.03,51830139
일간,대한민국,2021/10/11,69562629,39873357,30512174,4456,260942,93357,166722,126.0,76.93,58.87,51830139
일간,대한민국,2021/10/10,69301687,39780000,30345452,4330,21270,2932,18566,73.0,76.75,58.55,51830139
일간,대한민국,2021/10/09,69280417,39777068,30326886,4257,115549,11176,104517,118.0,76.75,58.51,51830139
일간,대한민국,2021/10/08,69164868,39765892,30222369,4139,1144224,45394,1098063,129.0,76.72,58.31,51830139
일간,대한민국,2021/10/07,68020644,39720498,29124306,4010,747257,37067,709840,126.0,76.64,56.19,51830139
일간,대한민국,2021/10/06,67273387,39683431,28414466,3884,547164,37325,510058,146.0,76.56,54.82,51830139
일간,대한민국,2021/10/05,66726223,39646106,27904408,3738,810748,45390,764822,149.0,76.49,53.84,51830139
일간,대한민국,2021/10/04,65915475,39600716,27139586,3589,236720,25814,210413,146.0,76.4,52.36,51830139
일간,대한민국,2021/10/03,65678755,39574902,26929173,3443,37394,3618,33761,64.0,76.35,51.96,51830139
일간,대한민국,2021/10/02,65641361,39571284,26895412,3379,531141,124780,407287,74.0,76.35,51.89,51830139
일간,대한민국,2021/10/01,65110220,39446504,26488125,3305,1097651,236726,860775,166.0,76.11,51.11,51830139
일간,대한민국,2021/09/30,64012569,39209778,25627350,3139,884864,344300,542019,127.0,75.65,49.44,51830139
일간,대한민국,2021/09/29,63127705,38865478,25085331,3012,755934,231773,526443,148.0,74.99,48.4,51830139
일간,대한민국,2021/09/28,62371771,38633705,24558888,2864,946493,257611,689932,104.0,74.54,47.38,51830139
일간,대한민국,2021/09/27,61425278,38376094,23868956,2760,1127351,417234,711382,110.0,74.04,46.05,51830139
일간,대한민국,2021/09/26,60297927,37958860,23157574,2650,50515,26736,24443,46.0,73.24,44.68,51830139
일간,대한민국,2021/09/25,60247412,37932124,23133131,2604,529450,313485,216200,59.0,73.19,44.63,51830139
일간,대한민국,2021/09/24,59717962,37618639,22916931,2545,1029719,617088,415572,70.0,72.58,44.22,51830139
일간,대한민국,2021/09/23,58688243,37001551,22501359,2475,935573,561605,377213,78.0,71.39,43.41,51830139
일간,대한민국,2021/09/22,57752670,36439946,22124146,2397,44923,28103,16916,64.0,70.31,42.69,51830139
일간,대한민국,2021/09/21,57707747,36411843,22107230,2333,12149,7023,5149,48.0,70.25,42.65,51830139
일간,대한민국,2021/09/20,57695598,36404820,22102081,2285,45203,30387,14801,48.0,70.24,42.64,51830139
일간,대한민국,2021/09/19,57650395,36374433,22087280,2237,47962,21672,26436,22.0,70.18,42.61,51830139
일간,대한민국,2021/09/18,57602433,36352761,22060844,2215,579425,392684,190917,44.0,70.14,42.56,51830139
일간,대한민국,2021/09/17,57023008,35960077,21869927,2171,1096180,660939,445088,64.0,69.38,42.2,51830139
일간,대한민국,2021/09/16,55926828,35299138,21424839,2107,736245,430690,313682,59.0,68.11,41.34,51830139
일간,대한민국,2021/09/15,55190583,34868448,21111157,2048,808067,376362,439314,75.0,67.27,40.73,51830139
일간,대한민국,2021/09/14,54382516,34492086,20671843,1973,818266,601834,224858,81.0,66.55,39.88,51830139
일간,대한민국,2021/09/13,53564250,33890252,20446985,1892,1245355,827458,422749,64.0,65.39,39.45,51830139
일간,대한민국,2021/09/12,52318895,33062794,20024236,1828,45706,22448,26178,20.0,63.79,38.63,51830139
일간,대한민국,2021/09/11,52273189,33040346,19998058,1808,532734,328896,212917,44.0,63.75,38.58,51830139
일간,대한민국,2021/09/10,51740455,32711450,19785141,1764,1062013,653007,418089,75.0,63.11,38.17,51830139
일간,대한민국,2021/09/09,50678442,32058443,19367052,1689,722439,440238,292322,60.0,61.85,37.37,51830139
일간,대한민국,2021/09/08,49956003,31618205,19074730,1629,682823,386065,307338,62.0,61,36.8,51830139
일간,대한민국,2021/09/07,49273180,31232140,18767392,1567,986207,574476,421056,70.0,60.26,36.21,51830139
일간,대한민국,2021/09/06,48286973,30657664,18346336,1497,1370948,743425,634012,53.0,59.15,35.4,51830139
일간,대한민국,2021/09/05,46916025,29914239,17712324,1444,15289,9021,8871,18.0,57.72,34.17,51830139
일간,대한민국,2021/09/04,46900736,29905218,17703453,1426,372035,119272,260617,31.0,57.7,34.16,51830139
일간,대한민국,2021/09/03,46528701,29785946,17442836,1395,917803,233736,697269,55.0,57.47,33.65,51830139
일간,대한민국,2021/09/02,45610898,29552210,16745567,1340,669717,186489,498176,101.0,57.02,32.31,51830139
일간,대한민국,2021/09/01,44941181,29365721,16247391,1239,698113,178768,533128,78.0,56.66,31.35,51830139
일간,대한민국,2021/08/31,44243068,29186953,15714263,1161,764316,247823,527557,69.0,56.31,30.32,51830139
일간,대한민국,2021/08/30,43478752,28939130,15186706,1092,981462,389683,596363,60.0,55.83,29.3,51830139
일간,대한민국,2021/08/29,42497290,28549447,14590343,1032,31023,16702,16494,34.0,55.08,28.15,51830139
일간,대한민국,2021/08/28,42466267,28532745,14573849,998,527640,276597,255566,39.0,55.05,28.12,51830139
일간,대한민국,2021/08/27,41938627,28256148,14318283,959,1148732,602464,549241,51.0,54.52,27.63,51830139
일간,대한민국,2021/08/26,40789895,27653684,13769042,908,1072664,653409,424418,54.0,53.35,26.57,51830139
일간,대한민국,2021/08/25,39717231,27000275,13344624,854,847128,377292,476173,49.0,52.09,25.75,51830139
일간,대한민국,2021/08/24,38870103,26622983,12868451,805,1002937,404802,601573,68.0,51.37,24.83,51830139
일간,대한민국,2021/08/23,37867166,26218181,12266878,737,1105082,387816,716155,40.0,50.58,23.67,51830139
일간,대한민국,2021/08/22,36762084,25830365,11550723,697,43846,40737,3042,28.0,49.84,22.29,51830139
일간,대한민국,2021/08/21,36718238,25789628,11547681,669,490784,365199,124093,48.0,49.76,22.28,51830139
일간,대한민국,2021/08/20,36227454,25424429,11423588,621,1027058,690658,332316,31.0,49.05,22.04,51830139
일간,대한민국,2021/08/19,35200396,24733771,11091272,590,801310,504667,292563,51.0,47.72,21.4,51830139
일간,대한민국,2021/08/18,34399086,24229104,10798709,539,846452,522875,318454,43.0,46.75,20.83,51830139
일간,대한민국,2021/08/17,33552634,23706229,10480255,496,1223795,723939,492866,39.0,45.74,20.22,51830139
일간,대한민국,2021/08/16,32328839,22982290,9987389,457,931237,671209,256221,41.0,44.34,19.27,51830139
일간,대한민국,2021/08/15,31397602,22311081,9731168,416,25505,19102,6362,29.0,43.05,18.78,51830139
일간,대한민국,2021/08/14,31372097,22291979,9724806,387,327886,143882,182633,19.0,43.01,18.76,51830139
일간,대한민국,2021/08/13,31044211,22148097,9542173,368,867254,243912,618014,16.0,42.73,18.41,51830139
일간,대한민국,2021/08/12,30176957,21904185,8924159,352,878372,169136,702301,23.0,42.26,17.22,51830139
일간,대한민국,2021/08/11,29298585,21735049,8221858,329,344678,178235,164105,25.0,41.94,15.86,51830139
일간,대한민국,2021/08/10,28953907,21556814,8057753,304,436457,263249,170372,23.0,41.59,15.55,51830139
일간,대한민국,2021/08/09,28517450,21293565,7887381,281,613924,435669,175078,26.0,41.08,15.22,51830139
일간,대한민국,2021/08/08,27903526,20857896,7712303,255,32226,28754,3460,9.0,40.24,14.88,51830139
일간,대한민국,2021/08/07,27871300,20829142,7708843,246,160366,122768,37331,9.0,40.19,14.87,51830139
일간,대한민국,2021/08/06,27710934,20706374,7671512,237,415965,257165,157316,5.0,39.95,14.8,51830139
일간,대한민국,2021/08/05,27294969,20449209,7514196,232,324279,194551,128273,6.0,39.45,14.5,51830139
일간,대한민국,2021/08/04,26970690,20254658,7385923,226,279883,167017,111685,19.0,39.08,14.25,51830139
일간,대한민국,2021/08/03,26690807,20087641,7274238,207,331266,221333,108744,14.0,38.76,14.03,51830139
일간,대한민국,2021/08/02,26359541,19866308,7165494,193,516579,477037,37772,12.0,38.33,13.82,51830139
일간,대한민국,2021/08/01,25842962,19389271,7127722,181,30384,28678,1717,7.0,37.41,13.75,51830139
일간,대한민국,2021/07/31,25812578,19360593,7126005,174,231943,216497,15139,8.0,37.35,13.75,51830139
일간,대한민국,2021/07/30,25580635,19144096,7110866,166,561117,497911,62028,8.0,36.94,13.72,51830139
일간,대한민국,2021/07/29,25019518,18646185,7048838,158,394729,348625,45279,10.0,35.98,13.6,51830139
일간,대한민국,2021/07/28,24624789,18297560,7003559,148,526237,480679,44497,11.0,35.3,13.51,51830139
일간,대한민국,2021/07/27,24098552,17816881,6959062,137,434244,382539,50485,6.0,34.38,13.43,51830139
일간,대한민국,2021/07/26,23664308,17434342,6908577,131,687774,619004,67029,8.0,33.64,13.33,51830139
일간,대한민국,2021/07/25,22976534,16815338,6841548,123,3700,2330,1465,3.0,32.44,13.2,51830139
일간,대한민국,2021/07/24,22972834,16813008,6840083,120,43280,30288,12995,2.0,32.44,13.2,51830139
일간,대한민국,2021/07/23,22929554,16782720,6827088,118,210385,147824,62035,3.0,32.38,13.17,51830139
일간,대한민국,2021/07/22,22719169,16634896,6765053,115,203990,141792,61532,2.0,32.1,13.05,51830139
일간,대한민국,2021/07/21,22515179,16493104,6703521,113,183045,140942,41336,0.0,31.82,12.93,51830139
일간,대한민국,2021/07/20,22332134,16352162,6662185,113,215330,151920,62252,1.0,31.55,12.85,51830139
일간,대한민국,2021/07/19,22116804,16200242,6599933,112,234635,161347,72209,3.0,31.26,12.73,51830139
일간,대한민국,2021/07/18,21882169,16038895,6527724,109,4767,3326,1489,2.0,30.95,12.59,51830139
일간,대한민국,2021/07/17,21877402,16035569,6526235,107,73874,35730,37992,6.0,30.94,12.59,51830139
일간,대한민국,2021/07/16,21803528,15999839,6488243,101,322660,136210,185184,2.0,30.87,12.52,51830139
일간,대한민국,2021/07/15,21480868,15863629,6303059,99,269181,124425,143454,9.0,30.61,12.16,51830139
일간,대한민국,2021/07/14,21211687,15739204,6159605,90,237712,113409,122816,8.0,30.37,11.88,51830139
일간,대한민국,2021/07/13,20973975,15625795,6036789,82,221449,109528,110422,2.0,30.15,11.65,51830139
일간,대한민국,2021/07/12,20752526,15516267,5926367,80,128145,32488,94273,10.0,29.94,11.43,51830139
일간,대한민국,2021/07/11,20624381,15483779,5832094,70,3418,1561,1915,2.0,29.87,11.25,51830139
일간,대한민국,2021/07/10,20620963,15482218,5830179,68,54972,14316,40578,4.0,29.87,11.25,51830139
일간,대한민국,2021/07/09,20565991,15467902,5789601,64,210900,60151,149517,3.0,29.84,11.17,51830139
일간,대한민국,2021/07/08,20355091,15407751,5640084,61,148452,40330,106590,4.0,29.73,10.88,51830139
일간,대한민국,2021/07/07,20206639,15367421,5533494,57,128219,37404,89336,2.0,29.65,10.68,51830139
일간,대한민국,2021/07/06,20078420,15330017,5444158,55,133292,40794,90874,2.0,29.58,10.5,51830139
일간,대한민국,2021/07/05,19945128,15289223,5353284,53,134788,56640,76909,0.0,29.5,10.33,51830139
일간,대한민국,2021/07/04,19810340,15232583,5276375,53,2672,1450,1271,0.0,29.39,10.18,51830139
일간,대한민국,2021/07/03,19807668,15231133,5275104,53,21309,3506,17513,2.0,29.39,10.18,51830139
일간,대한민국,2021/07/02,19786359,15227627,5257591,51,129515,8260,118694,0.0,29.38,10.14,51830139
일간,대한민국,2021/07/01,19656844,15219367,5138897,51,128314,7358,117801,1.0,29.36,9.91,51830139
일간,대한민국,2021/06/30,19528530,15212009,5021096,50,154373,16842,132542,1.0,29.35,9.69,51830139
일간,대한민국,2021/06/29,19374157,15195167,4888554,49,164079,18571,139957,1.0,29.32,9.43,51830139
일간,대한민국,2021/06/28,19210078,15176596,4748597,48,159761,14550,140213,1.0,29.28,9.16,51830139
일간,대한민국,2021/06/27,19050317,15162046,4608384,47,2937,945,2089,0.0,29.25,8.89,51830139
일간,대한민국,2021/06/26,19047380,15161101,4606295,47,37628,12549,24294,0.0,29.25,8.89,51830139
일간,대한민국,2021/06/25,19009752,15148552,4582001,47,163556,65297,94099,1.0,29.23,8.84,51830139
일간,대한민국,2021/06/24,18846196,15083255,4487902,46,155539,46927,103395,1.0,29.1,8.66,51830139
일간,대한민국,2021/06/23,18690657,15036328,4384507,45,165410,45215,114518,1.0,29.01,8.46,51830139
일간,대한민국,2021/06/22,18525247,14991113,4269989,44,173977,49714,119459,3.0,28.92,8.24,51830139
일간,대한민국,2021/06/21,18351270,14941399,4150530,41,163649,48523,111821,1.0,28.83,8.01,51830139
일간,대한민국,2021/06/20,18187621,14892876,4038709,40,3555,1529,2509,0.0,28.73,7.79,51830139
일간,대한민국,2021/06/19,18184066,14891347,4036200,40,235929,216210,36971,1.0,28.73,7.79,51830139
일간,대한민국,2021/06/18,17948137,14675137,3999229,39,636694,535299,124689,1.0,28.31,7.72,51830139
일간,대한민국,2021/06/17,17311443,14139838,3874540,38,548317,441032,123731,1.0,27.28,7.48,51830139
일간,대한민국,2021/06/16,16763126,13698806,3750809,37,674538,566154,275321,1.0,26.43,7.24,51830139
일간,대한민국,2021/06/15,16088588,13132652,3475488,36,744798,643733,202064,0.0,25.34,6.71,51830139
일간,대한민국,2021/06/14,15343790,12488919,3273424,36,856369,764992,252068,3.0,24.1,6.32,51830139
일간,대한민국,2021/06/13,14487421,11723927,3021356,33,30224,28493,13457,2.0,22.62,5.83,51830139
일간,대한민국,2021/06/12,14457197,11695434,3007899,31,396585,387831,120709,1.0,22.56,5.8,51830139
일간,대한민국,2021/06/11,14060612,11307603,2887190,30,864257,821417,236631,1.0,21.82,5.57,51830139
일간,대한민국,2021/06/10,13196355,10486186,2650559,29,804183,760751,285622,1.0,20.23,5.11,51830139
일간,대한민국,2021/06/09,12392172,9725435,2364937,28,619176,586380,22167,1.0,18.76,4.56,51830139
일간,대한민국,2021/06/08,11772996,9139055,2342770,27,773107,737362,24565,3.0,17.63,4.52,51830139
일간,대한민국,2021/06/07,10999889,8401693,2318205,24,915977,885035,20741,1.0,16.21,4.47,51830139
일간,대한민국,2021/06/06,10083912,7516658,2297464,23,4805,4024,820,1.0,14.5,4.43,51830139
일간,대한민국,2021/06/05,10079107,7512634,2296644,22,144963,139836,3610,1.0,14.49,4.43,51830139
일간,대한민국,2021/06/04,9934144,7372798,2293034,21,401714,365020,31208,2.0,14.22,4.42,51830139
일간,대한민국,2021/06/03,9532430,7007778,2261826,19,371957,339330,26315,1.0,13.52,4.36,51830139
일간,대한민국,2021/06/02,9160473,6668448,2235511,18,407428,377142,23354,1.0,12.87,4.31,51830139
일간,대한민국,2021/06/01,8753045,6291306,2212157,17,595725,559973,26836,2.0,12.14,4.27,51830139
일간,대한민국,2021/05/31,8157320,5731333,2185321,15,415267,380762,27440,2.0,11.06,4.22,51830139
일간,대한민국,2021/05/30,7742053,5350571,2157881,13,6955,6306,688,1.0,10.32,4.16,51830139
일간,대한민국,2021/05/29,7735098,5344265,2157193,12,175812,164519,9601,1.0,10.31,4.16,51830139
일간,대한민국,2021/05/28,7559286,5179746,2147592,11,611657,538522,65492,0.0,9.99,4.14,51830139
일간,대한민국,2021/05/27,6947629,4641224,2082100,11,718017,653111,55566,0.0,8.95,4.02,51830139
일간,대한민국,2021/05/26,6229612,3988113,2026534,11,157545,85145,67490,1.0,7.69,3.91,51830139
일간,대한민국,2021/05/25,6072067,3902968,1959044,10,173890,76114,92246,0.0,7.53,3.78,51830139
일간,대한민국,2021/05/24,5898177,3826854,1866798,10,177802,69229,102436,2.0,7.38,3.6,51830139
일간,대한민국,2021/05/23,5720375,3757625,1764362,8,4296,1084,3149,0.0,7.25,3.4,51830139
일간,대한민국,2021/05/22,5716079,3756541,1761213,8,43117,6372,35824,0.0,7.25,3.4,51830139
일간,대한민국,2021/05/21,5672962,3750169,1725389,8,241827,15877,218826,0.0,7.24,3.33,51830139
일간,대한민국,2021/05/20,5431135,3734292,1506563,8,224941,13673,203067,0.0,7.2,2.91,51830139
일간,대한민국,2021/05/19,5206194,3720619,1303496,8,97262,3835,89477,0.0,7.18,2.51,51830139
일간,대한민국,2021/05/18,5108932,3716784,1214019,8,155959,13664,136753,0.0,7.17,2.34,51830139
일간,대한민국,2021/05/17,4952973,3703120,1077266,8,115872,14791,96544,0.0,7.14,2.08,51830139
일간,대한민국,2021/05/16,4837101,3688329,980722,8,7374,1620,5624,0.0,7.12,1.89,51830139
일간,대한민국,2021/05/15,4829727,3686709,975098,8,34253,3151,29811,1.0,7.11,1.88,51830139
일간,대한민국,2021/05/14,4795474,3683558,945287,7,94306,13122,77600,0.0,7.11,1.82,51830139
일간,대한민국,2021/05/13,4701168,3670436,867687,7,89702,10848,75218,0.0,7.08,1.67,51830139
일간,대한민국,2021/05/12,4611466,3659588,792469,7,91689,8029,79675,0.0,7.06,1.53,51830139
일간,대한민국,2021/05/11,4519777,3651559,712794,7,91770,10361,77549,0.0,7.05,1.38,51830139
일간,대한민국,2021/05/10,4428007,3641198,635245,7,93808,15418,74469,0.0,7.03,1.23,51830139
일간,대한민국,2021/05/09,4334199,3625780,560776,7,6599,1047,5450,0.0,7,1.08,51830139
일간,대한민국,2021/05/08,4327600,3624733,555326,7,42482,13551,27491,0.0,6.99,1.07,51830139
일간,대한민국,2021/05/07,4285118,3611182,527835,7,127930,49283,74198,0.0,6.97,1.02,51830139
일간,대한민국,2021/05/06,4157188,3561899,453637,7,133917,58859,70625,0.0,6.87,0.88,51830139
일간,대한민국,2021/05/05,4023271,3503040,383012,7,33626,6987,25332,1.0,6.76,0.74,51830139
일간,대한민국,2021/05/04,3989645,3496053,357680,6,108831,74592,31226,0.0,6.75,0.69,51830139
일간,대한민국,2021/05/03,3880814,3421461,326454,6,119096,85512,30630,0.0,6.6,0.63,51830139
일간,대한민국,2021/05/02,3761718,3335949,295824,6,3782,2470,1310,0.0,6.44,0.57,51830139
일간,대한민국,2021/05/01,3757936,3333479,294514,6,49967,40434,8555,0.0,6.43,0.57,51830139
일간,대한민국,2021/04/30,3707969,3293045,285959,6,309378,271556,30463,1.0,6.35,0.55,51830139
일간,대한민국,2021/04/29,3398591,3021489,255496,5,293336,254750,29623,0.0,5.83,0.49,51830139
일간,대한민국,2021/04/28,3105255,2766739,225873,5,253774,225099,20609,0.0,5.34,0.44,51830139
일간,대한민국,2021/04/27,2851481,2541640,205264,5,200123,171536,21792,0.0,4.9,0.4,51830139
일간,대한민국,2021/04/26,2651358,2370104,183472,5,165608,138353,21347,0.0,4.57,0.35,51830139
일간,대한민국,2021/04/25,2485750,2231751,162125,5,8203,7051,984,0.0,4.31,0.31,51830139
일간,대한민국,2021/04/24,2477547,2224700,161141,5,72700,64490,6430,0.0,4.29,0.31,51830139
일간,대한민국,2021/04/23,2404847,2160210,154711,5,181609,156507,19700,0.0,4.17,0.3,51830139
일간,대한민국,2021/04/22,2223238,2003703,135011,5,152525,128102,18484,0.0,3.87,0.26,51830139
일간,대한민국,2021/04/21,2070713,1875601,116527,5,134905,128323,1529,0.0,3.62,0.22,51830139
일간,대한민국,2021/04/20,1935808,1747278,114998,5,132868,126504,1252,0.0,3.37,0.22,51830139
일간,대한민국,2021/04/19,1802940,1620774,113746,5,124130,118264,959,0.0,3.13,0.22,51830139
일간,대한민국,2021/04/18,1678810,1502510,112787,5,6123,5521,455,0.0,2.9,0.22,51830139
일간,대한민국,2021/04/17,1672687,1496989,112332,5,31249,29117,734,0.0,2.89,0.22,51830139
일간,대한민국,2021/04/16,1641438,1467872,111598,5,105531,99271,1373,0.0,2.83,0.22,51830139
일간,대한민국,2021/04/15,1535907,1368601,110225,5,95219,88649,999,0.0,2.64,0.21,51830139
일간,대한민국,2021/04/14,1440688,1279952,109226,5,48324,44307,1058,0.0,2.47,0.21,51830139
일간,대한민국,2021/04/13,1392364,1235645,108168,5,46953,42814,1856,0.0,2.38,0.21,51830139
일간,대한민국,2021/04/12,1345411,1192831,106312,5,41556,37925,2536,0.0,2.3,0.21,51830139
일간,대한민국,2021/04/11,1303855,1154906,103776,5,1698,1288,506,0.0,2.23,0.2,51830139
일간,대한민국,2021/04/10,1302157,1153618,103270,5,12287,10192,2343,1.0,2.23,0.2,51830139
일간,대한민국,2021/04/09,1289870,1143426,100927,4,44868,34005,9936,0.0,2.21,0.19,51830139
일간,대한민국,2021/04/08,1245002,1109421,90991,4,50251,36329,12019,0.0,2.14,0.18,51830139
일간,대한민국,2021/04/07,1194751,1073092,78972,4,49638,35972,11331,0.0,2.07,0.15,51830139
일간,대한민국,2021/04/06,1145113,1037120,67641,4,46755,35976,7576,0.0,2,0.13,51830139
일간,대한민국,2021/04/05,1098358,1001144,60065,4,38798,34338,1792,0.0,1.93,0.12,51830139
일간,대한민국,2021/04/04,1059560,966806,58273,4,1539,1267,309,1.0,1.87,0.11,51830139
일간,대한민국,2021/04/03,1058021,965539,57964,3,10574,9243,1003,0.0,1.86,0.11,51830139
일간,대한민국,2021/04/02,1047447,956296,56961,3,47949,37934,7730,0.0,1.85,0.11,51830139
일간,대한민국,2021/04/01,999498,918362,49231,3,46091,33916,8051,0.0,1.77,0.09,51830139
일간,대한민국,2021/03/31,953407,884446,41180,3,29399,19695,5456,0.0,1.71,0.08,51830139
일간,대한민국,2021/03/30,924008,864751,35724,3,31582,23374,2790,0.0,1.67,0.07,51830139
일간,대한민국,2021/03/29,892426,841377,32934,3,28241,21456,1469,0.0,1.62,0.06,51830139
일간,대한민국,2021/03/28,864185,819921,31465,3,1137,894,264,0.0,1.58,0.06,51830139
일간,대한민국,2021/03/27,863048,819027,31201,3,2885,2473,405,0.0,1.58,0.06,51830139
일간,대한민국,2021/03/26,860163,816554,30796,3,27717,24160,2132,0.0,1.58,0.06,51830139
일간,대한민국,2021/03/25,832446,792394,28664,3,35574,29263,1990,0.0,1.53,0.06,51830139
일간,대한민국,2021/03/24,796872,763131,26674,3,31067,24773,1646,0.0,1.47,0.05,51830139
일간,대한민국,2021/03/23,765805,738358,25028,3,22746,18606,1322,0.0,1.42,0.05,51830139
일간,대한민국,2021/03/22,743059,719752,23706,3,5539,4886,780,0.0,1.39,0.05,51830139
일간,대한민국,2021/03/21,737520,714866,22926,3,1265,857,457,0.0,1.38,0.04,51830139
일간,대한민국,2021/03/20,736255,714009,22469,3,2509,2018,547,0.0,1.38,0.04,51830139
일간,대한민국,2021/03/19,733746,711991,21922,3,19010,18588,1027,0.0,1.37,0.04,51830139
일간,대한민국,2021/03/18,714736,693403,20895,3,21307,20776,914,0.0,1.34,0.04,51830139
일간,대한민국,2021/03/17,693429,672627,19981,3,21749,21419,926,0.0,1.3,0.04,51830139
일간,대한민국,2021/03/16,671680,651208,19055,3,20882,20529,1050,0.0,1.26,0.04,51830139
일간,대한민국,2021/03/15,650798,630679,18005,3,14485,14189,1194,0.0,1.22,0.03,51830139
일간,대한민국,2021/03/14,636313,616490,16811,3,1891,1816,143,0.0,1.19,0.03,51830139
일간,대한민국,2021/03/13,634422,614674,16668,3,4657,4522,217,0.0,1.19,0.03,51830139
일간,대한민국,2021/03/12,629765,610152,16451,3,39555,39188,601,0.0,1.18,0.03,51830139
일간,대한민국,2021/03/11,590210,570964,15850,3,45890,45395,670,0.0,1.1,0.03,51830139
일간,대한민국,2021/03/10,544320,525569,15180,3,55342,54895,581,0.0,1.01,0.03,51830139
일간,대한민국,2021/03/09,488978,470674,14599,3,64746,64086,479,0.0,0.91,0.03,51830139
일간,대한민국,2021/03/08,424232,406588,14120,3,68351,67862,272,0.0,0.78,0.03,51830139
일간,대한민국,2021/03/07,355881,338726,13848,3,2518,2445,106,0.0,0.65,0.03,51830139
일간,대한민국,2021/03/06,353363,336281,13742,3,18622,18477,165,0.0,0.65,0.03,51830139
일간,대한민국,2021/03/05,334741,317804,13577,3,71591,70932,423,0.0,0.61,0.03,51830139
일간,대한민국,2021/03/04,263150,246872,13154,3,71224,70039,522,0.0,0.48,0.03,51830139
일간,대한민국,2021/03/03,191926,176833,12632,3,69712,68137,329,0.0,0.34,0.02,51830139
일간,대한민국,2021/03/02,122214,108696,12303,3,66541,64820,311,1.0,0.21,0.02,51830139
일간,대한민국,2021/03/01,55673,43876,11992,2,2208,1928,269,0.0,0.08,0.02,51830139
일간,대한민국,2021/02/28,53465,41948,11723,2,1140,1026,108,0.0,0.08,0.02,51830139
일간,대한민국,2021/02/27,52325,40922,11615,2,1968,1746,221,0.0,0.08,0.02,51830139
일간,대한민국,2021/02/26,50357,39176,11394,2,,,,,0.08,0.02,51830139
