국가,구분,일자,요일,신규확진(명),누적확진(명),인구확진률(%),인구(명),신규사망(명),누적사망(명),사망률(%)
대한민국,일간,2023/07/02,일,7522,32256154,62.29,51784059,3,35071,0.11
대한민국,일간,2023/07/01,토,17605,32248632,62.28,51784059,2,35068,0.11
대한민국,일간,2023/06/30,금,18886,32231027,62.24,51784059,3,35066,0.11
대한민국,일간,2023/06/29,목,18879,32212141,62.20,51784059,11,35063,0.11
대한민국,일간,2023/06/28,수,19299,32193262,62.17,51784059,12,35052,0.11
대한민국,일간,2023/06/27,화,21534,32173963,62.13,51784059,13,35040,0.11
대한민국,일간,2023/06/26,월,20823,32152429,62.09,51784059,10,35027,0.11
대한민국,일간,2023/06/25,일,6601,32131606,62.05,51784059,4,35017,0.11
대한민국,일간,2023/06/24,토,16070,32125005,62.04,51784059,5,35013,0.11
대한민국,일간,2023/06/23,금,16414,32108935,62.01,51784059,6,35008,0.11
대한민국,일간,2023/06/22,목,16252,32092521,61.97,51784059,10,35002,0.11
대한민국,일간,2023/06/21,수,17132,32076269,61.94,51784059,14,34992,0.11
대한민국,일간,2023/06/20,화,20961,32059137,61.91,51784059,14,34978,0.11
대한민국,일간,2023/06/19,월,19690,32038176,61.87,51784059,4,34964,0.11
대한민국,일간,2023/06/18,일,6379,32018486,61.83,51784059,4,34960,0.11
대한민국,일간,2023/06/17,토,15323,32012107,61.82,51784059,3,34956,0.11
대한민국,일간,2023/06/16,금,16752,31996784,61.79,51784059,4,34953,0.11
대한민국,일간,2023/06/15,목,16493,31980032,61.76,51784059,12,34949,0.11
대한민국,일간,2023/06/14,수,17428,31963539,61.72,51784059,16,34937,0.11
대한민국,일간,2023/06/13,화,20715,31946111,61.69,51784059,14,34921,0.11
대한민국,일간,2023/06/12,월,20729,31925396,61.65,51784059,14,34907,0.11
대한민국,일간,2023/06/11,일,4982,31904667,61.61,51784059,4,34893,0.11
대한민국,일간,2023/06/10,토,16006,31899685,61.60,51784059,8,34889,0.11
대한민국,일간,2023/06/09,금,17772,31883679,61.57,51784059,5,34881,0.11
대한민국,일간,2023/06/08,목,21215,31865907,61.54,51784059,20,34876,0.11
대한민국,일간,2023/06/07,수,20450,31844692,61.50,51784059,21,34856,0.11
대한민국,일간,2023/06/06,화,15156,31824242,61.46,51784059,4,34835,0.11
대한민국,일간,2023/06/05,월,19461,31809086,61.43,51784059,4,34831,0.11
대한민국,일간,2023/06/04,일,6949,31789625,61.39,51784059,2,34827,0.11
대한민국,일간,2023/06/03,토,16174,31782676,61.38,51784059,1,34825,0.11
대한민국,일간,2023/06/02,금,18663,31766502,61.34,51784059,9,34824,0.11
대한민국,일간,2023/06/01,목,19724,31747839,61.31,51784059,11,34815,0.11
대한민국,일간,2023/05/31,수,24604,31728115,61.27,51784059,20,34804,0.11
대한민국,일간,2023/05/30,화,24411,31703511,61.22,51784059,17,34784,0.11
대한민국,일간,2023/05/29,월,13529,31679100,61.18,51784059,7,34767,0.11
대한민국,일간,2023/05/28,일,6868,31665571,61.15,51784059,3,34760,0.11
대한민국,일간,2023/05/27,토,11730,31658703,61.14,51784059,3,34757,0.11
대한민국,일간,2023/05/26,금,17531,31646973,61.11,51784059,3,34754,0.11
대한민국,일간,2023/05/25,목,17933,31629442,61.08,51784059,15,34751,0.11
대한민국,일간,2023/05/24,수,19080,31611509,61.04,51784059,17,34736,0.11
대한민국,일간,2023/05/23,화,22961,31592429,61.01,51784059,17,34719,0.11
대한민국,일간,2023/05/22,월,21385,31569468,60.96,51784059,15,34702,0.11
대한민국,일간,2023/05/21,일,6798,31548083,60.92,51784059,12,34687,0.11
대한민국,일간,2023/05/20,토,16808,31541285,60.91,51784059,5,34675,0.11
대한민국,일간,2023/05/19,금,17987,31524477,60.88,51784059,5,34670,0.11
대한민국,일간,2023/05/18,목,19586,31506490,60.84,51784059,13,34665,0.11
대한민국,일간,2023/05/17,수,21797,31486904,60.80,51784059,18,34652,0.11
대한민국,일간,2023/05/16,화,26147,31465107,60.76,51784059,11,34634,0.11
대한민국,일간,2023/05/15,월,23680,31438960,60.71,51784059,13,34623,0.11
대한민국,일간,2023/05/14,일,7178,31415280,60.67,51784059,7,34610,0.11
대한민국,일간,2023/05/13,토,17403,31408102,60.65,51784059,6,34603,0.11
대한민국,일간,2023/05/12,금,19024,31390699,60.62,51784059,6,34597,0.11
대한민국,일간,2023/05/11,목,19989,31371675,60.58,51784059,8,34591,0.11
대한민국,일간,2023/05/10,수,20574,31351686,60.54,51784059,12,34583,0.11
대한민국,일간,2023/05/09,화,23521,31331112,60.50,51784059,23,34571,0.11
대한민국,일간,2023/05/08,월,21681,31307591,60.46,51784059,14,34548,0.11
대한민국,일간,2023/05/07,일,8164,31285910,60.42,51784059,7,34534,0.11
대한민국,일간,2023/05/06,토,14742,31277746,60.40,51784059,6,34527,0.11
대한민국,일간,2023/05/05,금,11801,31263004,60.37,51784059,3,34521,0.11
대한민국,일간,2023/05/04,목,18459,31251203,60.35,51784059,6,34518,0.11
대한민국,일간,2023/05/03,수,20146,31232744,60.31,51784059,7,34512,0.11
대한민국,일간,2023/05/02,화,20197,31212598,60.27,51784059,8,34505,0.11
대한민국,일간,2023/05/01,월,15741,31192401,60.24,51784059,10,34497,0.11
대한민국,일간,2023/04/30,일,5774,31176660,60.21,51784059,8,34487,0.11
대한민국,일간,2023/04/29,토,13614,31170886,60.19,51784059,5,34479,0.11
대한민국,일간,2023/04/28,금,14411,31157272,60.17,51784059,3,34474,0.11
대한민국,일간,2023/04/27,목,13791,31142861,60.14,51784059,11,34471,0.11
대한민국,일간,2023/04/26,수,14284,31129070,60.11,51784059,11,34460,0.11
대한민국,일간,2023/04/25,화,16383,31114786,60.09,51784059,15,34449,0.11
대한민국,일간,2023/04/24,월,14817,31098403,60.05,51784059,7,34434,0.11
대한민국,일간,2023/04/23,일,5027,31083586,60.03,51784059,8,34427,0.11
대한민국,일간,2023/04/22,토,11834,31078559,60.02,51784059,6,34419,0.11
대한민국,일간,2023/04/21,금,13266,31066725,59.99,51784059,5,34413,0.11
대한민국,일간,2023/04/20,목,13596,31053459,59.97,51784059,7,34408,0.11
대한민국,일간,2023/04/19,수,14094,31039863,59.94,51784059,9,34401,0.11
대한민국,일간,2023/04/18,화,16508,31025769,59.91,51784059,6,34392,0.11
대한민국,일간,2023/04/17,월,15173,31009261,59.88,51784059,10,34386,0.11
대한민국,일간,2023/04/16,일,4946,30994088,59.85,51784059,4,34376,0.11
대한민국,일간,2023/04/15,토,10188,30989142,59.84,51784059,4,34372,0.11
대한민국,일간,2023/04/14,금,11262,30978954,59.82,51784059,2,34368,0.11
대한민국,일간,2023/04/13,목,11666,30967692,59.80,51784059,5,34366,0.11
대한민국,일간,2023/04/12,수,11596,30956026,59.78,51784059,5,34361,0.11
대한민국,일간,2023/04/11,화,13926,30944430,59.76,51784059,14,34356,0.11
대한민국,일간,2023/04/10,월,12444,30930504,59.73,51784059,10,34342,0.11
대한민국,일간,2023/04/09,일,4005,30918060,59.71,51784059,8,34332,0.11
대한민국,일간,2023/04/08,토,9553,30914055,59.70,51784059,2,34324,0.11
대한민국,일간,2023/04/07,금,9943,30904502,59.68,51784059,4,34322,0.11
대한민국,일간,2023/04/06,목,10735,30894559,59.66,51784059,9,34318,0.11
대한민국,일간,2023/04/05,수,12084,30883824,59.64,51784059,13,34309,0.11
대한민국,일간,2023/04/04,화,14465,30871740,59.62,51784059,7,34296,0.11
대한민국,일간,2023/04/03,월,13375,30857275,59.59,51784059,8,34289,0.11
대한민국,일간,2023/04/02,일,4349,30843900,59.56,51784059,7,34281,0.11
대한민국,일간,2023/04/01,토,9724,30839551,59.55,51784059,4,34274,0.11
대한민국,일간,2023/03/31,금,9697,30829827,59.54,51784059,5,34270,0.11
대한민국,일간,2023/03/30,목,10368,30820130,59.52,51784059,10,34265,0.11
대한민국,일간,2023/03/29,수,11039,30809762,59.50,51784059,10,34255,0.11
대한민국,일간,2023/03/28,화,13134,30798723,59.48,51784059,14,34245,0.11
대한민국,일간,2023/03/27,월,12129,30785589,59.45,51784059,8,34231,0.11
대한민국,일간,2023/03/26,일,4204,30773460,59.43,51784059,3,34223,0.11
대한민국,일간,2023/03/25,토,9361,30769256,59.42,51784059,3,34220,0.11
대한민국,일간,2023/03/24,금,10155,30759895,59.40,51784059,6,34217,0.11
대한민국,일간,2023/03/23,목,10283,30749740,59.38,51784059,10,34211,0.11
대한민국,일간,2023/03/22,수,11400,30739457,59.36,51784059,14,34201,0.11
대한민국,일간,2023/03/21,화,13081,30728057,59.34,51784059,9,34187,0.11
대한민국,일간,2023/03/20,월,12016,30714976,59.31,51784059,7,34178,0.11
대한민국,일간,2023/03/19,일,3930,30702960,59.29,51784059,9,34171,0.11
대한민국,일간,2023/03/18,토,8807,30699030,59.28,51784059,3,34162,0.11
대한민국,일간,2023/03/17,금,8995,30690223,59.27,51784059,4,34159,0.11
대한민국,일간,2023/03/16,목,9065,30681228,59.25,51784059,7,34155,0.11
대한민국,일간,2023/03/15,수,9934,30672163,59.23,51784059,17,34148,0.11
대한민국,일간,2023/03/14,화,11899,30662229,59.21,51784059,10,34131,0.11
대한민국,일간,2023/03/13,월,11401,30650330,59.19,51784059,6,34121,0.11
대한민국,일간,2023/03/12,일,4198,30638929,59.17,51784059,12,34115,0.11
대한민국,일간,2023/03/11,토,9342,30634731,59.16,51784059,7,34103,0.11
대한민국,일간,2023/03/10,금,9867,30625389,59.14,51784059,3,34096,0.11
대한민국,일간,2023/03/09,목,10335,30615522,59.12,51784059,12,34093,0.11
대한민국,일간,2023/03/08,수,10890,30605187,59.10,51784059,20,34081,0.11
대한민국,일간,2023/03/07,화,12798,30594297,59.08,51784059,12,34061,0.11
대한민국,일간,2023/03/06,월,12284,30581499,59.06,51784059,15,34049,0.11
대한민국,일간,2023/03/05,일,4300,30569215,59.03,51784059,9,34034,0.11
대한민국,일간,2023/03/04,토,9813,30564915,59.02,51784059,5,34025,0.11
대한민국,일간,2023/03/03,금,11121,30555102,59.00,51784059,6,34020,0.11
대한민국,일간,2023/03/02,목,10408,30543981,58.98,51784059,11,34014,0.11
대한민국,일간,2023/03/01,수,7561,30533573,58.96,51784059,15,34003,0.11
대한민국,일간,2023/02/28,화,12291,30526012,58.95,51784059,11,33988,0.11
대한민국,일간,2023/02/27,월,10817,30513721,58.92,51784059,16,33977,0.11
대한민국,일간,2023/02/26,일,4026,30502904,58.90,51784059,15,33961,0.11
대한민국,일간,2023/02/25,토,9212,30498878,58.90,51784059,6,33946,0.11
대한민국,일간,2023/02/24,금,9913,30489666,58.88,51784059,11,33940,0.11
대한민국,일간,2023/02/23,목,10051,30479753,58.86,51784059,20,33929,0.11
대한민국,일간,2023/02/22,수,10845,30469702,58.84,51784059,22,33909,0.11
대한민국,일간,2023/02/21,화,13082,30458857,58.82,51784059,14,33887,0.11
대한민국,일간,2023/02/20,월,11880,30445775,58.79,51784059,8,33873,0.11
대한민국,일간,2023/02/19,일,4324,30433895,58.77,51784059,9,33865,0.11
대한민국,일간,2023/02/18,토,10274,30429571,58.76,51784059,12,33856,0.11
대한민국,일간,2023/02/17,금,10641,30419297,58.74,51784059,12,33844,0.11
대한민국,일간,2023/02/16,목,11436,30408656,58.72,51784059,28,33832,0.11
대한민국,일간,2023/02/15,수,12519,30397220,58.70,51784059,22,33804,0.11
대한민국,일간,2023/02/14,화,14957,30384701,58.68,51784059,24,33782,0.11
대한민국,일간,2023/02/13,월,14371,30369744,58.65,51784059,11,33758,0.11
대한민국,일간,2023/02/12,일,5174,30355373,58.62,51784059,11,33747,0.11
대한민국,일간,2023/02/11,토,11911,30350199,58.61,51784059,23,33736,0.11
대한민국,일간,2023/02/10,금,12805,30338288,58.59,51784059,16,33713,0.11
대한민국,일간,2023/02/09,목,13504,30325483,58.56,51784059,17,33697,0.11
대한민국,일간,2023/02/08,수,14664,30311979,58.54,51784059,34,33680,0.11
대한민국,일간,2023/02/07,화,17934,30297315,58.51,51784059,22,33646,0.11
대한민국,일간,2023/02/06,월,16120,30279381,58.47,51784059,10,33624,0.11
대한민국,일간,2023/02/05,일,5850,30263261,58.44,51784059,18,33614,0.11
대한민국,일간,2023/02/04,토,14018,30257411,58.43,51784059,22,33596,0.11
대한민국,일간,2023/02/03,금,14504,30243393,58.40,51784059,22,33574,0.11
대한민국,일간,2023/02/02,목,14961,30228889,58.37,51784059,30,33552,0.11
대한민국,일간,2023/02/01,수,16862,30213928,58.35,51784059,36,33522,0.11
대한민국,일간,2023/01/31,화,20420,30197066,58.31,51784059,42,33486,0.11
대한민국,일간,2023/01/30,월,19629,30176646,58.27,51784059,24,33444,0.11
대한민국,일간,2023/01/29,일,7416,30157017,58.24,51784059,30,33420,0.11
대한민국,일간,2023/01/28,토,18871,30149601,58.22,51784059,29,33390,0.11
대한민국,일간,2023/01/27,금,23367,30130730,58.19,51784059,29,33361,0.11
대한민국,일간,2023/01/26,목,31711,30107363,58.14,51784059,36,33332,0.11
대한민국,일간,2023/01/25,수,35096,30075652,58.08,51784059,26,33296,0.11
대한민국,일간,2023/01/24,화,19538,30040556,58.01,51784059,25,33270,0.11
대한민국,일간,2023/01/23,월,12262,30021018,57.97,51784059,10,33245,0.11
대한민국,일간,2023/01/22,일,9227,30008756,57.95,51784059,26,33235,0.11
대한민국,일간,2023/01/21,토,16624,29999529,57.93,51784059,24,33209,0.11
대한민국,일간,2023/01/20,금,27539,29982905,57.90,51784059,51,33185,0.11
대한민국,일간,2023/01/19,목,27408,29955366,57.85,51784059,30,33134,0.11
대한민국,일간,2023/01/18,수,29816,29927958,57.79,51784059,47,33104,0.11
대한민국,일간,2023/01/17,화,36908,29898142,57.74,51784059,43,33057,0.11
대한민국,일간,2023/01/16,월,40199,29861234,57.66,51784059,30,33014,0.11
대한민국,일간,2023/01/15,일,14144,29821035,57.59,51784059,35,32984,0.11
대한민국,일간,2023/01/14,토,32570,29806891,57.56,51784059,37,32949,0.11
대한민국,일간,2023/01/13,금,36552,29774321,57.50,51784059,45,32912,0.11
대한민국,일간,2023/01/12,목,39726,29737769,57.43,51784059,46,32867,0.11
대한민국,일간,2023/01/11,수,43953,29698043,57.35,51784059,76,32821,0.11
대한민국,일간,2023/01/10,화,54343,29654090,57.26,51784059,76,32745,0.11
대한민국,일간,2023/01/09,월,60041,29599747,57.16,51784059,44,32669,0.11
대한민국,일간,2023/01/08,일,19106,29539706,57.04,51784059,35,32625,0.11
대한민국,일간,2023/01/07,토,46766,29520600,57.01,51784059,34,32590,0.11
대한민국,일간,2023/01/06,금,53608,29473834,56.92,51784059,60,32556,0.11
대한민국,일간,2023/01/05,목,56954,29420226,56.81,51784059,75,32496,0.11
대한민국,일간,2023/01/04,수,64106,29363272,56.70,51784059,66,32421,0.11
대한민국,일간,2023/01/03,화,78575,29299166,56.58,51784059,54,32355,0.11
대한민국,일간,2023/01/02,월,81056,29220591,56.43,51784059,29,32301,0.11
대한민국,일간,2023/01/01,일,22735,29139535,56.27,51784059,53,32272,0.11
대한민국,일간,2022/12/31,토,57527,29116800,56.19,51815810,63,32219,0.11
대한민국,일간,2022/12/30,금,62926,29059273,56.08,51815810,61,32156,0.11
대한민국,일간,2022/12/29,목,65207,28996347,55.96,51815810,68,32095,0.11
대한민국,일간,2022/12/28,수,71427,28931140,55.83,51815810,76,32027,0.11
대한민국,일간,2022/12/27,화,87517,28859713,55.70,51815810,69,31951,0.11
대한민국,일간,2022/12/26,월,87596,28772196,55.53,51815810,50,31882,0.11
대한민국,일간,2022/12/25,일,25545,28684600,55.36,51815810,42,31832,0.11
대한민국,일간,2022/12/24,토,58448,28659055,55.31,51815810,46,31790,0.11
대한민국,일간,2022/12/23,금,66049,28600607,55.20,51815810,70,31744,0.11
대한민국,일간,2022/12/22,목,68168,28534558,55.07,51815810,63,31674,0.11
대한민국,일간,2022/12/21,수,75744,28466390,54.94,51815810,62,31611,0.11
대한민국,일간,2022/12/20,화,88172,28390646,54.79,51815810,59,31549,0.11
대한민국,일간,2022/12/19,월,87559,28302474,54.62,51815810,56,31490,0.11
대한민국,일간,2022/12/18,일,26622,28214915,54.45,51815810,39,31434,0.11
대한민국,일간,2022/12/17,토,58862,28188293,54.40,51815810,42,31395,0.11
대한민국,일간,2022/12/16,금,66752,28129431,54.29,51815810,55,31353,0.11
대한민국,일간,2022/12/15,목,66953,28062679,54.16,51815810,66,31298,0.11
대한민국,일간,2022/12/14,수,70154,27995726,54.03,51815810,58,31232,0.11
대한민국,일간,2022/12/13,화,84571,27925572,53.89,51815810,46,31174,0.11
대한민국,일간,2022/12/12,월,86852,27841001,53.73,51815810,29,31128,0.11
대한민국,일간,2022/12/11,일,25667,27754149,53.56,51815810,30,31099,0.11
대한민국,일간,2022/12/10,토,54319,27728482,53.51,51815810,40,31069,0.11
대한민국,일간,2022/12/09,금,62608,27674163,53.41,51815810,54,31029,0.11
대한민국,일간,2022/12/08,목,62734,27611555,53.29,51815810,67,30975,0.11
대한민국,일간,2022/12/07,수,65253,27548821,53.17,51815810,61,30908,0.11
대한민국,일간,2022/12/06,화,74714,27483568,53.04,51815810,54,30847,0.11
대한민국,일간,2022/12/05,월,77604,27408854,52.90,51815810,24,30793,0.11
대한민국,일간,2022/12/04,일,23160,27331250,52.75,51815810,40,30769,0.11
대한민국,일간,2022/12/03,토,46564,27308090,52.70,51815810,60,30729,0.11
대한민국,일간,2022/12/02,금,52726,27261526,52.61,51815810,48,30669,0.11
대한민국,일간,2022/12/01,목,52987,27208800,52.51,51815810,53,30621,0.11
대한민국,일간,2022/11/30,수,57079,27155813,52.41,51815810,62,30568,0.11
대한민국,일간,2022/11/29,화,67415,27098734,52.30,51815810,52,30506,0.11
대한민국,일간,2022/11/28,월,71476,27031319,52.17,51815810,41,30454,0.11
대한민국,일간,2022/11/27,일,22327,26959843,52.03,51815810,44,30413,0.11
대한민국,일간,2022/11/26,토,47028,26937516,51.99,51815810,39,30369,0.11
대한민국,일간,2022/11/25,금,52648,26890488,51.90,51815810,52,30330,0.11
대한민국,일간,2022/11/24,목,53698,26837840,51.79,51815810,55,30278,0.11
대한민국,일간,2022/11/23,수,59089,26784142,51.69,51815810,59,30223,0.11
대한민국,일간,2022/11/22,화,70324,26725053,51.58,51815810,53,30164,0.11
대한민국,일간,2022/11/21,월,72873,26654729,51.44,51815810,45,30111,0.11
대한민국,일간,2022/11/20,일,23091,26581856,51.30,51815810,35,30066,0.11
대한민국,일간,2022/11/19,토,46011,26558765,51.26,51815810,41,30031,0.11
대한민국,일간,2022/11/18,금,50435,26512754,51.17,51815810,65,29990,0.11
대한민국,일간,2022/11/17,목,49418,26462319,51.07,51815810,63,29925,0.11
대한민국,일간,2022/11/16,수,55437,26412901,50.97,51815810,67,29862,0.11
대한민국,일간,2022/11/15,화,66587,26357464,50.87,51815810,47,29795,0.11
대한민국,일간,2022/11/14,월,72883,26290877,50.74,51815810,39,29748,0.11
대한민국,일간,2022/11/13,일,23765,26217994,50.60,51815810,44,29709,0.11
대한민국,일간,2022/11/12,토,48465,26194229,50.55,51815810,48,29665,0.11
대한민국,일간,2022/11/11,금,54225,26145764,50.46,51815810,46,29617,0.11
대한민국,일간,2022/11/10,목,54519,26091539,50.35,51815810,40,29571,0.11
대한민국,일간,2022/11/09,수,55365,26037020,50.25,51815810,52,29531,0.11
대한민국,일간,2022/11/08,화,62472,25981655,50.14,51815810,59,29479,0.11
대한민국,일간,2022/11/07,월,62273,25919183,50.02,51815810,30,29420,0.11
대한민국,일간,2022/11/06,일,18671,25856910,49.90,51815810,18,29390,0.11
대한민국,일간,2022/11/05,토,36675,25838239,49.87,51815810,18,29372,0.11
대한민국,일간,2022/11/04,금,40863,25801564,49.79,51815810,39,29354,0.11
대한민국,일간,2022/11/03,목,43424,25760701,49.72,51815810,35,29315,0.11
대한민국,일간,2022/11/02,수,46870,25717277,49.63,51815810,41,29280,0.11
대한민국,일간,2022/11/01,화,54740,25670407,49.54,51815810,30,29239,0.11
대한민국,일간,2022/10/31,월,58358,25615667,49.44,51815810,33,29209,0.11
대한민국,일간,2022/10/30,일,18510,25557309,49.32,51815810,18,29176,0.11
대한민국,일간,2022/10/29,토,34511,25538799,49.29,51815810,27,29158,0.11
대한민국,일간,2022/10/28,금,37296,25504288,49.22,51815810,31,29131,0.11
대한민국,일간,2022/10/27,목,35887,25466992,49.15,51815810,31,29100,0.11
대한민국,일간,2022/10/26,수,34950,25431105,49.08,51815810,26,29069,0.11
대한민국,일간,2022/10/25,화,40805,25396155,49.01,51815810,26,29043,0.11
대한민국,일간,2022/10/24,월,43714,25355350,48.93,51815810,17,29017,0.11
대한민국,일간,2022/10/23,일,14302,25311636,48.85,51815810,10,29000,0.11
대한민국,일간,2022/10/22,토,26256,25297334,48.82,51815810,16,28990,0.11
대한민국,일간,2022/10/21,금,26823,25271078,48.77,51815810,22,28974,0.11
대한민국,일간,2022/10/20,목,24709,25244255,48.72,51815810,30,28952,0.11
대한민국,일간,2022/10/19,수,25369,25219546,48.67,51815810,23,28922,0.11
대한민국,일간,2022/10/18,화,29482,25194177,48.62,51815810,43,28899,0.11
대한민국,일간,2022/10/17,월,33190,25164695,48.57,51815810,5,28856,0.11
대한민국,일간,2022/10/16,일,11040,25131505,48.50,51815810,11,28851,0.11
대한민국,일간,2022/10/15,토,21469,25120465,48.48,51815810,32,28840,0.11
대한민국,일간,2022/10/14,금,22757,25098996,48.44,51815810,25,28808,0.11
대한민국,일간,2022/10/13,목,23562,25076239,48.39,51815810,35,28783,0.11
대한민국,일간,2022/10/12,수,26928,25052677,48.35,51815810,25,28748,0.11
대한민국,일간,2022/10/11,화,30503,25025749,48.30,51815810,15,28723,0.11
대한민국,일간,2022/10/10,월,15476,24995246,48.24,51815810,10,28708,0.11
대한민국,일간,2022/10/09,일,8981,24979770,48.21,51815810,23,28698,0.11
대한민국,일간,2022/10/08,토,17654,24970789,48.19,51815810,29,28675,0.11
대한민국,일간,2022/10/07,금,19379,24953135,48.16,51815810,32,28646,0.11
대한민국,일간,2022/10/06,목,22259,24933756,48.12,51815810,41,28614,0.11
대한민국,일간,2022/10/05,수,28603,24911497,48.08,51815810,29,28573,0.11
대한민국,일간,2022/10/04,화,34710,24882894,48.02,51815810,16,28544,0.11
대한민국,일간,2022/10/03,월,16423,24848184,47.95,51815810,19,28528,0.11
대한민국,일간,2022/10/02,일,12150,24831761,47.92,51815810,20,28509,0.11
대한민국,일간,2022/10/01,토,23597,24819611,47.90,51815810,44,28489,0.11
대한민국,일간,2022/09/30,금,26913,24796014,47.85,51815810,39,28445,0.11
대한민국,일간,2022/09/29,목,28466,24769101,47.80,51815810,42,28406,0.11
대한민국,일간,2022/09/28,수,30846,24740635,47.75,51815810,46,28364,0.11
대한민국,일간,2022/09/27,화,36126,24709789,47.69,51815810,46,28318,0.11
대한민국,일간,2022/09/26,월,39367,24673663,47.62,51815810,26,28272,0.11
대한민국,일간,2022/09/25,일,14168,24634296,47.54,51815810,33,28246,0.11
대한민국,일간,2022/09/24,토,25792,24620128,47.51,51815810,73,28213,0.11
대한민국,일간,2022/09/23,금,29315,24594336,47.46,51815810,63,28140,0.11
대한민국,일간,2022/09/22,목,29081,24565021,47.41,51815810,68,28077,0.11
대한민국,일간,2022/09/21,수,32972,24535940,47.35,51815810,59,28009,0.11
대한민국,일간,2022/09/20,화,41231,24502968,47.29,51815810,59,27950,0.11
대한민국,일간,2022/09/19,월,47864,24461737,47.21,51815810,24,27891,0.11
대한민국,일간,2022/09/18,일,19407,24413873,47.12,51815810,39,27867,0.11
대한민국,일간,2022/09/17,토,34764,24394466,47.08,51815810,46,27828,0.11
대한민국,일간,2022/09/16,금,43400,24359702,47.01,51815810,57,27782,0.11
대한민국,일간,2022/09/15,목,51832,24316302,46.93,51815810,60,27725,0.11
대한민국,일간,2022/09/14,수,71432,24264470,46.83,51815810,72,27665,0.11
대한민국,일간,2022/09/13,화,93904,24193038,46.69,51815810,60,27593,0.11
대한민국,일간,2022/09/12,월,57309,24099134,46.51,51815810,35,27533,0.11
대한민국,일간,2022/09/11,일,36938,24041825,46.40,51815810,22,27498,0.11
대한민국,일간,2022/09/10,토,28214,24004887,46.33,51815810,47,27476,0.11
대한민국,일간,2022/09/09,금,42724,23976673,46.27,51815810,48,27429,0.11
대한민국,일간,2022/09/08,목,69389,23933949,46.19,51815810,68,27381,0.11
대한민국,일간,2022/09/07,수,72599,23864560,46.06,51815810,64,27313,0.11
대한민국,일간,2022/09/06,화,85484,23791961,45.92,51815810,56,27249,0.11
대한민국,일간,2022/09/05,월,99737,23706477,45.75,51815810,44,27193,0.11
대한민국,일간,2022/09/04,일,37548,23606740,45.56,51815810,56,27149,0.12
대한민국,일간,2022/09/03,토,72144,23569192,45.49,51815810,79,27093,0.11
대한민국,일간,2022/09/02,금,79623,23497048,45.35,51815810,74,27014,0.11
대한민국,일간,2022/09/01,목,89528,23417425,45.19,51815810,64,26940,0.12
대한민국,일간,2022/08/31,수,81499,23327897,45.02,51815810,112,26876,0.12
대한민국,일간,2022/08/30,화,103919,23246398,44.86,51815810,75,26764,0.12
대한민국,일간,2022/08/29,월,115519,23142479,44.66,51815810,71,26689,0.12
대한민국,일간,2022/08/28,일,43142,23026960,44.44,51815810,49,26618,0.12
대한민국,일간,2022/08/27,토,85295,22983818,44.36,51815810,70,26569,0.12
대한민국,일간,2022/08/26,금,95538,22898523,44.19,51815810,86,26499,0.12
대한민국,일간,2022/08/25,목,101064,22802985,44.01,51815810,81,26413,0.12
대한민국,일간,2022/08/24,수,113281,22701921,43.81,51815810,108,26332,0.12
대한민국,일간,2022/08/23,화,139165,22588640,43.59,51815810,63,26224,0.12
대한민국,일간,2022/08/22,월,150098,22449475,43.33,51815810,52,26161,0.12
대한민국,일간,2022/08/21,일,59046,22299377,43.04,51815810,65,26109,0.12
대한민국,일간,2022/08/20,토,110944,22240331,42.92,51815810,64,26044,0.12
대한민국,일간,2022/08/19,금,129350,22129387,42.71,51815810,84,25980,0.12
대한민국,일간,2022/08/18,목,138741,22000037,42.46,51815810,83,25896,0.12
대한민국,일간,2022/08/17,수,178480,21861296,42.19,51815810,61,25813,0.12
대한민국,일간,2022/08/16,화,180652,21682816,41.85,51815810,42,25752,0.12
대한민국,일간,2022/08/15,월,84128,21502164,41.50,51815810,37,25710,0.12
대한민국,일간,2022/08/14,일,62078,21418036,41.33,51815810,50,25673,0.12
대한민국,일간,2022/08/13,토,119603,21355958,41.22,51815810,57,25623,0.12
대한민국,일간,2022/08/12,금,124515,21236355,40.98,51815810,67,25566,0.12
대한민국,일간,2022/08/11,목,128671,21111840,40.74,51815810,58,25499,0.12
대한민국,일간,2022/08/10,수,137196,20983169,40.50,51815810,59,25441,0.12
대한민국,일간,2022/08/09,화,151734,20845973,40.23,51815810,50,25382,0.12
대한민국,일간,2022/08/08,월,149819,20694239,39.94,51815810,40,25332,0.12
대한민국,일간,2022/08/07,일,55292,20544420,39.65,51815810,29,25292,0.12
대한민국,일간,2022/08/06,토,105507,20489128,39.54,51815810,27,25263,0.12
대한민국,일간,2022/08/05,금,110610,20383621,39.34,51815810,45,25236,0.12
대한민국,일간,2022/08/04,목,112857,20273011,39.13,51815810,47,25191,0.12
대한민국,일간,2022/08/03,수,107849,20160154,38.91,51815810,34,25144,0.12
대한민국,일간,2022/08/02,화,119866,20052305,38.70,51815810,26,25110,0.13
대한민국,일간,2022/08/01,월,111700,19932439,38.47,51815810,16,25084,0.13
대한민국,일간,2022/07/31,일,44689,19820739,38.25,51815810,21,25068,0.13
대한민국,일간,2022/07/30,토,73589,19776050,38.17,51815810,20,25047,0.13
대한민국,일간,2022/07/29,금,81944,19702461,38.02,51815810,35,25027,0.13
대한민국,일간,2022/07/28,목,85275,19620517,37.87,51815810,35,24992,0.13
대한민국,일간,2022/07/27,수,88296,19535242,37.70,51815810,25,24957,0.13
대한민국,일간,2022/07/26,화,100182,19446946,37.53,51815810,25,24932,0.13
대한민국,일간,2022/07/25,월,99268,19346764,37.34,51815810,17,24907,0.13
대한민국,일간,2022/07/24,일,35883,19247496,37.15,51815810,17,24890,0.13
대한민국,일간,2022/07/23,토,65433,19211613,37.08,51815810,18,24873,0.13
대한민국,일간,2022/07/22,금,68521,19146180,36.95,51815810,30,24855,0.13
대한민국,일간,2022/07/21,목,68579,19077659,36.82,51815810,31,24825,0.13
대한민국,일간,2022/07/20,수,71109,19009080,36.69,51815810,17,24794,0.13
대한민국,일간,2022/07/19,화,76378,18937971,36.55,51815810,12,24777,0.13
대한민국,일간,2022/07/18,월,73537,18861593,36.40,51815810,12,24765,0.13
대한민국,일간,2022/07/17,일,26299,18788056,36.26,51815810,11,24753,0.13
대한민국,일간,2022/07/16,토,40342,18761757,36.21,51815810,14,24742,0.13
대한민국,일간,2022/07/15,금,41273,18721415,36.13,51815810,16,24728,0.13
대한민국,일간,2022/07/14,목,38864,18680142,36.05,51815810,16,24712,0.13
대한민국,일간,2022/07/13,수,39169,18641278,35.98,51815810,16,24696,0.13
대한민국,일간,2022/07/12,화,40248,18602109,35.90,51815810,12,24680,0.13
대한민국,일간,2022/07/11,월,37323,18561861,35.82,51815810,7,24668,0.13
대한민국,일간,2022/07/10,일,12693,18524538,35.75,51815810,18,24661,0.13
대한민국,일간,2022/07/09,토,20410,18511845,35.73,51815810,19,24643,0.13
대한민국,일간,2022/07/08,금,20263,18491435,35.69,51815810,19,24624,0.13
대한민국,일간,2022/07/07,목,19310,18471172,35.65,51815810,12,24605,0.13
대한민국,일간,2022/07/06,수,18503,18451862,35.61,51815810,10,24593,0.13
대한민국,일간,2022/07/05,화,19362,18433359,35.57,51815810,7,24583,0.13
대한민국,일간,2022/07/04,월,18133,18413997,35.54,51815810,2,24576,0.13
대한민국,일간,2022/07/03,일,6253,18395864,35.50,51815810,4,24574,0.13
대한민국,일간,2022/07/02,토,10059,18389611,35.49,51815810,8,24570,0.13
대한민국,일간,2022/07/01,금,10695,18379552,35.47,51815810,7,24562,0.13
대한민국,일간,2022/06/30,목,9516,18368857,35.45,51815810,8,24555,0.13
대한민국,일간,2022/06/29,수,9585,18359341,35.43,51815810,10,24547,0.13
대한민국,일간,2022/06/28,화,10437,18349756,35.41,51815810,7,24537,0.13
대한민국,일간,2022/06/27,월,9871,18339319,35.39,51815810,5,24530,0.13
대한민국,일간,2022/06/26,일,3429,18329448,35.37,51815810,3,24525,0.13
대한민국,일간,2022/06/25,토,6246,18326019,35.37,51815810,6,24522,0.13
대한민국,일간,2022/06/24,금,6780,18319773,35.36,51815810,18,24516,0.13
대한민국,일간,2022/06/23,목,7210,18312993,35.34,51815810,10,24498,0.13
대한민국,일간,2022/06/22,수,7442,18305783,35.33,51815810,14,24488,0.13
대한민국,일간,2022/06/21,화,8968,18298341,35.31,51815810,11,24474,0.13
대한민국,일간,2022/06/20,월,9283,18289373,35.30,51815810,12,24463,0.13
대한민국,일간,2022/06/19,일,3538,18280090,35.28,51815810,10,24451,0.13
대한민국,일간,2022/06/18,토,6071,18276552,35.27,51815810,14,24441,0.13
대한민국,일간,2022/06/17,금,6838,18270481,35.26,51815810,11,24427,0.13
대한민국,일간,2022/06/16,목,7186,18263643,35.25,51815810,9,24416,0.13
대한민국,일간,2022/06/15,수,7978,18256457,35.23,51815810,8,24407,0.13
대한민국,일간,2022/06/14,화,9423,18248479,35.22,51815810,9,24399,0.13
대한민국,일간,2022/06/13,월,9768,18239056,35.20,51815810,2,24390,0.13
대한민국,일간,2022/06/12,일,3828,18229288,35.18,51815810,17,24388,0.13
대한민국,일간,2022/06/11,토,7382,18225460,35.17,51815810,20,24371,0.13
대한민국,일간,2022/06/10,금,8428,18218078,35.16,51815810,10,24351,0.13
대한민국,일간,2022/06/09,목,9304,18209650,35.14,51815810,18,24341,0.13
대한민국,일간,2022/06/08,수,12146,18200346,35.13,51815810,18,24323,0.13
대한민국,일간,2022/06/07,화,13320,18188200,35.10,51815810,6,24305,0.13
대한민국,일간,2022/06/06,월,6172,18174880,35.08,51815810,20,24299,0.13
대한민국,일간,2022/06/05,일,5022,18168708,35.06,51815810,21,24279,0.13
대한민국,일간,2022/06/04,토,9835,18163686,35.05,51815810,20,24258,0.13
대한민국,일간,2022/06/03,금,12016,18153851,35.04,51815810,9,24238,0.13
대한민국,일간,2022/06/02,목,12522,18141835,35.01,51815810,17,24229,0.13
대한민국,일간,2022/06/01,수,9898,18129313,34.99,51815810,15,24212,0.13
대한민국,일간,2022/05/31,화,15777,18119415,34.97,51815810,21,24197,0.13
대한민국,일간,2022/05/30,월,17176,18103638,34.94,51815810,9,24176,0.13
대한민국,일간,2022/05/29,일,6139,18086462,34.91,51815810,9,24167,0.13
대한민국,일간,2022/05/28,토,12654,18080323,34.89,51815810,19,24158,0.13
대한민국,일간,2022/05/27,금,14382,18067669,34.87,51815810,36,24139,0.13
대한민국,일간,2022/05/26,목,16567,18053287,34.84,51815810,40,24103,0.13
대한민국,일간,2022/05/25,수,18797,18036720,34.81,51815810,34,24063,0.13
대한민국,일간,2022/05/24,화,23938,18017923,34.77,51815810,23,24029,0.13
대한민국,일간,2022/05/23,월,26313,17993985,34.73,51815810,19,24006,0.13
대한민국,일간,2022/05/22,일,9975,17967672,34.68,51815810,22,23987,0.13
대한민국,일간,2022/05/21,토,19298,17957697,34.66,51815810,54,23965,0.13
대한민국,일간,2022/05/20,금,23442,17938399,34.62,51815810,26,23911,0.13
대한민국,일간,2022/05/19,목,25108,17914957,34.57,51815810,43,23885,0.13
대한민국,일간,2022/05/18,수,28105,17889849,34.53,51815810,40,23842,0.13
대한민국,일간,2022/05/17,화,31315,17861744,34.47,51815810,31,23802,0.13
대한민국,일간,2022/05/16,월,35072,17830429,34.41,51815810,27,23771,0.13
대한민국,일간,2022/05/15,일,13296,17795357,34.34,51815810,35,23744,0.13
대한민국,일간,2022/05/14,토,25434,17782061,34.32,51815810,48,23709,0.13
대한민국,일간,2022/05/13,금,29541,17756627,34.27,51815810,55,23661,0.13
대한민국,일간,2022/05/12,목,32409,17727086,34.21,51815810,52,23606,0.13
대한민국,일간,2022/05/11,수,35883,17694677,34.15,51815810,63,23554,0.13
대한민국,일간,2022/05/10,화,43899,17658794,34.08,51815810,29,23491,0.13
대한민국,일간,2022/05/09,월,49896,17614895,34.00,51815810,62,23462,0.13
대한민국,일간,2022/05/08,일,20601,17564999,33.90,51815810,40,23400,0.13
대한민국,일간,2022/05/07,토,40064,17544398,33.86,51815810,71,23360,0.13
대한민국,일간,2022/05/06,금,39552,17504334,33.78,51815810,83,23289,0.13
대한민국,일간,2022/05/05,목,26714,17464782,33.71,51815810,48,23206,0.13
대한민국,일간,2022/05/04,수,42277,17438068,33.65,51815810,79,23158,0.13
대한민국,일간,2022/05/03,화,49038,17395791,33.57,51815810,72,23079,0.13
대한민국,일간,2022/05/02,월,51020,17346753,33.48,51815810,49,23007,0.13
대한민국,일간,2022/05/01,일,20084,17295733,33.38,51815810,83,22958,0.13
대한민국,일간,2022/04/30,토,37771,17275649,33.34,51815810,81,22875,0.13
대한민국,일간,2022/04/29,금,43262,17237878,33.27,51815810,70,22794,0.13
대한민국,일간,2022/04/28,목,50568,17194616,33.18,51815810,136,22724,0.13
대한민국,일간,2022/04/27,수,57422,17144048,33.09,51815810,122,22588,0.13
대한민국,일간,2022/04/26,화,76761,17086626,32.98,51815810,141,22466,0.13
대한민국,일간,2022/04/25,월,80301,17009865,32.83,51815810,82,22325,0.13
대한민국,일간,2022/04/24,일,34370,16929564,32.67,51815810,110,22243,0.13
대한민국,일간,2022/04/23,토,64725,16895194,32.61,51815810,109,22133,0.13
대한민국,일간,2022/04/22,금,75414,16830469,32.48,51815810,151,22024,0.13
대한민국,일간,2022/04/21,목,81010,16755055,32.34,51815810,206,21873,0.13
대한민국,일간,2022/04/20,수,90825,16674045,32.18,51815810,147,21667,0.13
대한민국,일간,2022/04/19,화,111280,16583220,32.00,51815810,166,21520,0.13
대한민국,일간,2022/04/18,월,118445,16471940,31.79,51815810,130,21354,0.13
대한민국,일간,2022/04/17,일,47743,16353495,31.56,51815810,132,21224,0.13
대한민국,일간,2022/04/16,토,93001,16305752,31.47,51815810,203,21092,0.13
대한민국,일간,2022/04/15,금,107882,16212751,31.29,51815810,273,20889,0.13
대한민국,일간,2022/04/14,목,125808,16104869,31.08,51815810,264,20616,0.13
대한민국,일간,2022/04/13,수,148417,15979061,30.84,51815810,318,20352,0.13
대한민국,일간,2022/04/12,화,195370,15830644,30.55,51815810,184,20034,0.13
대한민국,일간,2022/04/11,월,210676,15635274,30.17,51815810,171,19850,0.13
대한민국,일간,2022/04/10,일,90928,15424598,29.77,51815810,258,19679,0.13
대한민국,일간,2022/04/09,토,164481,15333670,29.59,51815810,329,19421,0.13
대한민국,일간,2022/04/08,금,185495,15169189,29.28,51815810,338,19092,0.13
대한민국,일간,2022/04/07,목,205289,14983694,28.92,51815810,373,18754,0.13
대한민국,일간,2022/04/06,수,224761,14778405,28.52,51815810,348,18381,0.12
대한민국,일간,2022/04/05,화,286243,14553644,28.09,51815810,371,18033,0.12
대한민국,일간,2022/04/04,월,265995,14267401,27.53,51815810,209,17662,0.12
대한민국,일간,2022/04/03,일,127190,14001406,27.02,51815810,218,17453,0.12
대한민국,일간,2022/04/02,토,234301,13874216,26.78,51815810,306,17235,0.12
대한민국,일간,2022/04/01,금,264097,13639915,26.32,51815810,339,16929,0.12
대한민국,일간,2022/03/31,목,280187,13375818,25.81,51815810,360,16590,0.12
대한민국,일간,2022/03/30,수,320675,13095631,25.27,51815810,375,16230,0.12
대한민국,일간,2022/03/29,화,424528,12774956,24.65,51815810,432,15855,0.12
대한민국,일간,2022/03/28,월,347374,12350428,23.84,51815810,237,15423,0.12
대한민국,일간,2022/03/27,일,187213,12003054,23.16,51815810,287,15186,0.13
대한민국,일간,2022/03/26,토,318130,11815841,22.80,51815810,282,14899,0.13
대한민국,일간,2022/03/25,금,335479,11497711,22.19,51815810,323,14617,0.13
대한민국,일간,2022/03/24,목,339396,11162232,21.54,51815810,392,14294,0.13
대한민국,일간,2022/03/23,수,395589,10822836,20.89,51815810,470,13902,0.13
대한민국,일간,2022/03/22,화,490707,10427247,20.12,51815810,291,13432,0.13
대한민국,일간,2022/03/21,월,353725,9936540,19.18,51815810,384,13141,0.13
대한민국,일간,2022/03/20,일,209169,9582815,18.49,51815810,329,12757,0.13
대한민국,일간,2022/03/19,토,334708,9373646,18.09,51815810,327,12428,0.13
대한민국,일간,2022/03/18,금,381329,9038938,17.44,51815810,319,12101,0.13
대한민국,일간,2022/03/17,목,407017,8657609,16.71,51815810,301,11782,0.14
대한민국,일간,2022/03/16,수,621317,8250592,15.92,51815810,429,11481,0.14
대한민국,일간,2022/03/15,화,400725,7629275,14.72,51815810,164,11052,0.14
대한민국,일간,2022/03/14,월,362328,7228550,13.95,51815810,293,10888,0.15
대한민국,일간,2022/03/13,일,309769,6866222,13.25,51815810,200,10595,0.15
대한민국,일간,2022/03/12,토,350176,6556453,12.65,51815810,251,10395,0.16
대한민국,일간,2022/03/11,금,383651,6206277,11.98,51815810,269,10144,0.16
대한민국,일간,2022/03/10,목,282976,5822626,11.24,51815810,229,9875,0.17
대한민국,일간,2022/03/09,수,327532,5539650,10.69,51815810,206,9646,0.17
대한민국,일간,2022/03/08,화,342427,5212118,10.06,51815810,158,9440,0.18
대한민국,일간,2022/03/07,월,202714,4869691,9.40,51815810,186,9282,0.19
대한민국,일간,2022/03/06,일,210713,4666977,9.01,51815810,139,9096,0.19
대한민국,일간,2022/03/05,토,243612,4456264,8.60,51815810,161,8957,0.20
대한민국,일간,2022/03/04,금,254326,4212652,8.13,51815810,216,8796,0.21
대한민국,일간,2022/03/03,목,266838,3958326,7.64,51815810,186,8580,0.22
대한민국,일간,2022/03/02,수,198802,3691488,7.12,51815810,128,8394,0.23
대한민국,일간,2022/03/01,화,219237,3492686,6.74,51815810,96,8266,0.24
대한민국,일간,2022/02/28,월,138993,3273449,6.32,51815810,112,8170,0.25
대한민국,일간,2022/02/27,일,139615,3134456,6.05,51815810,114,8058,0.26
대한민국,일간,2022/02/26,토,163558,2994841,5.78,51815810,49,7944,0.27
대한민국,일간,2022/02/25,금,166206,2831283,5.46,51815810,112,7895,0.28
대한민국,일간,2022/02/24,목,165889,2665077,5.14,51815810,94,7783,0.29
대한민국,일간,2022/02/23,수,170006,2499188,4.82,51815810,82,7689,0.31
대한민국,일간,2022/02/22,화,171448,2329182,4.50,51815810,99,7607,0.33
대한민국,일간,2022/02/21,월,99550,2157734,4.16,51815810,58,7508,0.35
대한민국,일간,2022/02/20,일,95347,2058184,3.97,51815810,45,7450,0.36
대한민국,일간,2022/02/19,토,104828,1962837,3.79,51815810,51,7405,0.38
대한민국,일간,2022/02/18,금,102203,1858009,3.59,51815810,71,7354,0.40
대한민국,일간,2022/02/17,목,109828,1755806,3.39,51815810,45,7283,0.41
대한민국,일간,2022/02/16,수,93127,1645978,3.18,51815810,36,7238,0.44
대한민국,일간,2022/02/15,화,90430,1552851,3.00,51815810,39,7202,0.46
대한민국,일간,2022/02/14,월,57175,1462421,2.82,51815810,61,7163,0.49
대한민국,일간,2022/02/13,일,54616,1405246,2.71,51815810,21,7102,0.51
대한민국,일간,2022/02/12,토,56425,1350630,2.61,51815810,36,7081,0.52
대한민국,일간,2022/02/11,금,54918,1294205,2.50,51815810,33,7045,0.54
대한민국,일간,2022/02/10,목,53926,1239287,2.39,51815810,49,7012,0.57
대한민국,일간,2022/02/09,수,54122,1185361,2.29,51815810,20,6963,0.59
대한민국,일간,2022/02/08,화,49558,1131239,2.18,51815810,21,6943,0.61
대한민국,일간,2022/02/07,월,36718,1081681,2.09,51815810,36,6922,0.64
대한민국,일간,2022/02/06,일,35275,1044963,2.02,51815810,13,6886,0.66
대한민국,일간,2022/02/05,토,38670,1009688,1.95,51815810,15,6873,0.68
대한민국,일간,2022/02/04,금,36362,971018,1.87,51815810,22,6858,0.71
대한민국,일간,2022/02/03,목,27442,934656,1.80,51815810,24,6836,0.73
대한민국,일간,2022/02/02,수,22904,907214,1.75,51815810,25,6812,0.75
대한민국,일간,2022/02/01,화,20268,884310,1.71,51815810,15,6787,0.77
대한민국,일간,2022/01/31,월,18333,864042,1.67,51815810,17,6772,0.78
대한민국,일간,2022/01/30,일,17072,845709,1.63,51815810,23,6755,0.80
대한민국,일간,2022/01/29,토,17515,828637,1.60,51815810,20,6732,0.81
대한민국,일간,2022/01/28,금,17540,811122,1.57,51815810,34,6712,0.83
대한민국,일간,2022/01/27,목,16085,793582,1.53,51815810,24,6678,0.84
대한민국,일간,2022/01/26,수,14514,777497,1.50,51815810,34,6654,0.86
대한민국,일간,2022/01/25,화,13004,762983,1.47,51815810,32,6620,0.87
대한민국,일간,2022/01/24,월,8566,749979,1.45,51815810,23,6588,0.88
대한민국,일간,2022/01/23,일,7511,741413,1.43,51815810,25,6565,0.89
대한민국,일간,2022/01/22,토,7628,733902,1.42,51815810,11,6540,0.89
대한민국,일간,2022/01/21,금,7005,726274,1.40,51815810,28,6529,0.90
대한민국,일간,2022/01/20,목,6766,719269,1.39,51815810,21,6501,0.90
대한민국,일간,2022/01/19,수,6601,712503,1.38,51815810,28,6480,0.91
대한민국,일간,2022/01/18,화,5800,705902,1.36,51815810,74,6452,0.91
대한민국,일간,2022/01/17,월,4070,700102,1.35,51815810,45,6378,0.91
대한민국,일간,2022/01/16,일,3858,696032,1.34,51815810,23,6333,0.91
대한민국,일간,2022/01/15,토,4190,692174,1.34,51815810,29,6310,0.91
대한민국,일간,2022/01/14,금,4418,687984,1.33,51815810,22,6281,0.91
대한민국,일간,2022/01/13,목,4536,683566,1.32,51815810,49,6259,0.92
대한민국,일간,2022/01/12,수,4162,679030,1.31,51815810,44,6210,0.91
대한민국,일간,2022/01/11,화,4385,674868,1.30,51815810,52,6166,0.91
대한민국,일간,2022/01/10,월,3093,670483,1.29,51815810,43,6114,0.91
대한민국,일간,2022/01/09,일,2999,667390,1.29,51815810,34,6071,0.91
대한민국,일간,2022/01/08,토,3376,664391,1.28,51815810,51,6037,0.91
대한민국,일간,2022/01/07,금,3507,661015,1.28,51815810,54,5986,0.91
대한민국,일간,2022/01/06,목,3716,657508,1.27,51815810,45,5932,0.90
대한민국,일간,2022/01/05,수,4123,653792,1.26,51815810,49,5887,0.90
대한민국,일간,2022/01/04,화,4443,649669,1.25,51815810,57,5838,0.90
대한민국,일간,2022/01/03,월,3019,645226,1.25,51815810,51,5781,0.90
대한민국,일간,2022/01/02,일,3124,642207,1.24,51815810,36,5730,0.89
대한민국,일간,2022/01/01,토,3830,639083,1.23,51815810,69,5694,0.89
대한민국,일간,2021/12/31,금,4415,635253,1.23,51830139,62,5625,0.89
대한민국,일간,2021/12/30,목,4871,630838,1.22,51830139,108,5563,0.88
대한민국,일간,2021/12/29,수,5029,625967,1.21,51830139,73,5455,0.87
대한민국,일간,2021/12/28,화,5406,620938,1.20,51830139,36,5382,0.87
대한민국,일간,2021/12/27,월,3862,615532,1.19,51830139,46,5346,0.87
대한민국,일간,2021/12/26,일,4207,611670,1.18,51830139,55,5300,0.87
대한민국,일간,2021/12/25,토,5418,607463,1.17,51830139,69,5245,0.86
대한민국,일간,2021/12/24,금,5836,602045,1.16,51830139,105,5176,0.86
대한민국,일간,2021/12/23,목,6231,596209,1.15,51830139,56,5071,0.85
대한민국,일간,2021/12/22,수,6913,589978,1.14,51830139,109,5015,0.85
대한민국,일간,2021/12/21,화,7450,583065,1.12,51830139,78,4906,0.84
대한민국,일간,2021/12/20,월,5201,575615,1.11,51830139,52,4828,0.84
대한민국,일간,2021/12/19,일,5316,570414,1.10,51830139,54,4776,0.84
대한민국,일간,2021/12/18,토,6234,565098,1.09,51830139,78,4722,0.84
대한민국,일간,2021/12/17,금,7313,558864,1.08,51830139,53,4644,0.83
대한민국,일간,2021/12/16,목,7434,551551,1.06,51830139,73,4591,0.83
대한민국,일간,2021/12/15,수,7622,544117,1.05,51830139,62,4518,0.83
대한민국,일간,2021/12/14,화,7843,536495,1.04,51830139,69,4456,0.83
대한민국,일간,2021/12/13,월,5564,528652,1.02,51830139,94,4387,0.83
대한민국,일간,2021/12/12,일,5817,523088,1.01,51830139,40,4293,0.82
대한민국,일간,2021/12/11,토,6688,517271,1.00,51830139,43,4253,0.82
대한민국,일간,2021/12/10,금,6977,510583,0.99,51830139,80,4210,0.82
대한민국,일간,2021/12/09,목,7022,503606,0.97,51830139,53,4130,0.82
대한민국,일간,2021/12/08,수,7100,496584,0.96,51830139,57,4077,0.82
대한민국,일간,2021/12/07,화,7174,489484,0.94,51830139,63,4020,0.82
대한민국,일간,2021/12/06,월,4952,482310,0.93,51830139,64,3957,0.82
대한민국,일간,2021/12/05,일,4324,477358,0.92,51830139,41,3893,0.82
대한민국,일간,2021/12/04,토,5127,473034,0.91,51830139,43,3852,0.81
대한민국,일간,2021/12/03,금,5352,467907,0.90,51830139,70,3809,0.81
대한민국,일간,2021/12/02,목,4943,462555,0.89,51830139,34,3739,0.81
대한민국,일간,2021/12/01,수,5262,457612,0.88,51830139,46,3705,0.81
대한민국,일간,2021/11/30,화,5120,452350,0.87,51830139,35,3659,0.81
대한민국,일간,2021/11/29,월,3030,447230,0.86,51830139,44,3624,0.81
대한민국,일간,2021/11/28,일,3304,444200,0.86,51830139,32,3580,0.81
대한민국,일간,2021/11/27,토,3928,440896,0.85,51830139,56,3548,0.80
대한민국,일간,2021/11/26,금,4067,436968,0.84,51830139,52,3492,0.80
대한민국,일간,2021/11/25,목,3899,432901,0.84,51830139,39,3440,0.79
대한민국,일간,2021/11/24,수,3937,429002,0.83,51830139,38,3401,0.79
대한민국,일간,2021/11/23,화,4115,425065,0.82,51830139,35,3363,0.79
대한민국,일간,2021/11/22,월,2698,420950,0.81,51830139,30,3328,0.79
대한민국,일간,2021/11/21,일,2827,418252,0.81,51830139,24,3298,0.79
대한민국,일간,2021/11/20,토,3114,415425,0.80,51830139,30,3274,0.79
대한민국,일간,2021/11/19,금,3212,412311,0.80,51830139,29,3244,0.79
대한민국,일간,2021/11/18,목,3034,409099,0.79,51830139,28,3215,0.79
대한민국,일간,2021/11/17,수,3290,406065,0.78,51830139,29,3187,0.78
대한민국,일간,2021/11/16,화,3184,402775,0.78,51830139,21,3158,0.78
대한민국,일간,2021/11/15,월,2125,399591,0.77,51830139,22,3137,0.79
대한민국,일간,2021/11/14,일,2006,397466,0.77,51830139,12,3115,0.78
대한민국,일간,2021/11/13,토,2418,395460,0.76,51830139,20,3103,0.78
대한민국,일간,2021/11/12,금,2323,393042,0.76,51830139,32,3083,0.78
대한민국,일간,2021/11/11,목,2368,390719,0.75,51830139,18,3051,0.78
대한민국,일간,2021/11/10,수,2520,388351,0.75,51830139,21,3033,0.78
대한민국,일간,2021/11/09,화,2424,385831,0.74,51830139,14,3012,0.78
대한민국,일간,2021/11/08,월,1713,383407,0.74,51830139,18,2998,0.78
대한민국,일간,2021/11/07,일,1759,381694,0.74,51830139,13,2980,0.78
대한민국,일간,2021/11/06,토,2223,379935,0.73,51830139,11,2967,0.78
대한민국,일간,2021/11/05,금,2248,377712,0.73,51830139,20,2956,0.78
대한민국,일간,2021/11/04,목,2344,375464,0.72,51830139,20,2936,0.78
대한민국,일간,2021/11/03,수,2480,373120,0.72,51830139,24,2916,0.78
대한민국,일간,2021/11/02,화,2666,370640,0.72,51830139,18,2892,0.78
대한민국,일간,2021/11/01,월,1588,367974,0.71,51830139,16,2874,0.78
대한민국,일간,2021/10/31,일,1686,366386,0.71,51830139,9,2858,0.78
대한민국,일간,2021/10/30,토,2061,364700,0.70,51830139,19,2849,0.78
대한민국,일간,2021/10/29,금,2103,362639,0.70,51830139,13,2830,0.78
대한민국,일간,2021/10/28,목,2124,360536,0.70,51830139,9,2817,0.78
대한민국,일간,2021/10/27,수,2107,358412,0.69,51830139,11,2808,0.78
대한민국,일간,2021/10/26,화,1950,356305,0.69,51830139,9,2797,0.79
대한민국,일간,2021/10/25,월,1266,354355,0.68,51830139,15,2788,0.79
대한민국,일간,2021/10/24,일,1190,353089,0.68,51830139,7,2773,0.79
대한민국,일간,2021/10/23,토,1423,351899,0.68,51830139,21,2766,0.79
대한민국,일간,2021/10/22,금,1507,350476,0.68,51830139,20,2745,0.78
대한민국,일간,2021/10/21,목,1440,348969,0.67,51830139,16,2725,0.78
대한민국,일간,2021/10/20,수,1441,347529,0.67,51830139,11,2709,0.78
대한민국,일간,2021/10/19,화,1570,346088,0.67,51830139,9,2698,0.78
대한민국,일간,2021/10/18,월,1073,344518,0.66,51830139,21,2689,0.78
대한민국,일간,2021/10/17,일,1049,343445,0.66,51830139,8,2668,0.78
대한민국,일간,2021/10/16,토,1418,342396,0.66,51830139,16,2660,0.78
대한민국,일간,2021/10/15,금,1617,340978,0.66,51830139,18,2644,0.78
대한민국,일간,2021/10/14,목,1682,339361,0.65,51830139,8,2626,0.77
대한민국,일간,2021/10/13,수,1937,337679,0.65,51830139,13,2618,0.78
대한민국,일간,2021/10/12,화,1579,335742,0.65,51830139,11,2605,0.78
대한민국,일간,2021/10/11,월,1347,334163,0.64,51830139,11,2594,0.78
대한민국,일간,2021/10/10,일,1297,332816,0.64,51830139,8,2583,0.78
대한민국,일간,2021/10/09,토,1594,331519,0.64,51830139,15,2575,0.78
대한민국,일간,2021/10/08,금,1949,329925,0.64,51830139,6,2560,0.78
대한민국,일간,2021/10/07,목,2172,327976,0.63,51830139,10,2554,0.78
대한민국,일간,2021/10/06,수,2425,325804,0.63,51830139,8,2544,0.78
대한민국,일간,2021/10/05,화,2027,323379,0.62,51830139,12,2536,0.78
대한민국,일간,2021/10/04,월,1575,321352,0.62,51830139,11,2524,0.79
대한민국,일간,2021/10/03,일,1672,319777,0.62,51830139,6,2513,0.79
대한민국,일간,2021/10/02,토,2085,318105,0.61,51830139,3,2507,0.79
대한민국,일간,2021/10/01,금,2247,316020,0.61,51830139,7,2504,0.79
대한민국,일간,2021/09/30,목,2484,313773,0.61,51830139,16,2497,0.80
대한민국,일간,2021/09/29,수,2564,311289,0.60,51830139,7,2481,0.80
대한민국,일간,2021/09/28,화,2883,308725,0.60,51830139,10,2474,0.80
대한민국,일간,2021/09/27,월,2289,305842,0.59,51830139,8,2464,0.81
대한민국,일간,2021/09/26,일,2381,303553,0.59,51830139,6,2456,0.81
대한민국,일간,2021/09/25,토,2770,301172,0.58,51830139,9,2450,0.81
대한민국,일간,2021/09/24,금,3270,298402,0.58,51830139,7,2441,0.82
대한민국,일간,2021/09/23,목,2433,295132,0.57,51830139,7,2434,0.82
대한민국,일간,2021/09/22,수,1716,292699,0.56,51830139,8,2427,0.83
대한민국,일간,2021/09/21,화,1720,290983,0.56,51830139,6,2419,0.83
대한민국,일간,2021/09/20,월,1727,289263,0.56,51830139,4,2413,0.83
대한민국,일간,2021/09/19,일,1605,287536,0.55,51830139,5,2409,0.84
대한민국,일간,2021/09/18,토,1909,285931,0.55,51830139,10,2404,0.84
대한민국,일간,2021/09/17,금,2084,284022,0.55,51830139,5,2394,0.84
대한민국,일간,2021/09/16,목,2008,281938,0.54,51830139,3,2389,0.85
대한민국,일간,2021/09/15,수,1941,279930,0.54,51830139,6,2386,0.85
대한민국,일간,2021/09/14,화,2079,277989,0.54,51830139,13,2380,0.86
대한민국,일간,2021/09/13,월,1495,275910,0.53,51830139,7,2367,0.86
대한민국,일간,2021/09/12,일,1433,274415,0.53,51830139,1,2360,0.86
대한민국,일간,2021/09/11,토,1755,272982,0.53,51830139,1,2359,0.86
대한민국,일간,2021/09/10,금,1865,271227,0.52,51830139,10,2358,0.87
대한민국,일간,2021/09/09,목,1892,269362,0.52,51830139,5,2348,0.87
대한민국,일간,2021/09/08,수,2047,267470,0.52,51830139,9,2343,0.88
대한민국,일간,2021/09/07,화,2049,265423,0.51,51830139,4,2334,0.88
대한민국,일간,2021/09/06,월,1596,263374,0.51,51830139,3,2330,0.88
대한민국,일간,2021/09/05,일,1374,261778,0.51,51830139,6,2327,0.89
대한민국,일간,2021/09/04,토,1491,260404,0.50,51830139,6,2321,0.89
대한민국,일간,2021/09/03,금,1803,258913,0.50,51830139,7,2315,0.89
대한민국,일간,2021/09/02,목,1709,257110,0.50,51830139,5,2308,0.90
대한민국,일간,2021/09/01,수,1956,255401,0.49,51830139,11,2303,0.90
대한민국,일간,2021/08/31,화,2024,253445,0.49,51830139,7,2292,0.90
대한민국,일간,2021/08/30,월,1370,251421,0.49,51830139,1,2285,0.91
대한민국,일간,2021/08/29,일,1483,250051,0.48,51830139,5,2284,0.91
대한민국,일간,2021/08/28,토,1617,248568,0.48,51830139,3,2279,0.92
대한민국,일간,2021/08/27,금,1793,246951,0.48,51830139,11,2276,0.92
대한민국,일간,2021/08/26,목,1841,245158,0.47,51830139,8,2265,0.92
대한민국,일간,2021/08/25,수,1878,243317,0.47,51830139,20,2257,0.93
대한민국,일간,2021/08/24,화,2152,241439,0.47,51830139,9,2237,0.93
대한민국,일간,2021/08/23,월,1505,239287,0.46,51830139,6,2228,0.93
대한민국,일간,2021/08/22,일,1416,237782,0.46,51830139,7,2222,0.93
대한민국,일간,2021/08/21,토,1627,236366,0.46,51830139,13,2215,0.94
대한민국,일간,2021/08/20,금,1880,234739,0.45,51830139,5,2202,0.94
대한민국,일간,2021/08/19,목,2051,232859,0.45,51830139,6,2197,0.94
대한민국,일간,2021/08/18,수,2151,230808,0.45,51830139,13,2191,0.95
대한민국,일간,2021/08/17,화,1803,228657,0.44,51830139,5,2178,0.95
대한민국,일간,2021/08/16,월,1373,226854,0.44,51830139,6,2173,0.96
대한민국,일간,2021/08/15,일,1553,225481,0.44,51830139,11,2167,0.96
대한민국,일간,2021/08/14,토,1817,223928,0.43,51830139,8,2156,0.96
대한민국,일간,2021/08/13,금,1929,222111,0.43,51830139,4,2148,0.97
대한민국,일간,2021/08/12,목,1990,220182,0.42,51830139,6,2144,0.97
대한민국,일간,2021/08/11,수,1986,218192,0.42,51830139,3,2138,0.98
대한민국,일간,2021/08/10,화,2219,216206,0.42,51830139,1,2135,0.99
대한민국,일간,2021/08/09,월,1539,213987,0.41,51830139,9,2134,1.00
대한민국,일간,2021/08/08,일,1492,212448,0.41,51830139,4,2125,1.00
대한민국,일간,2021/08/07,토,1728,210956,0.41,51830139,5,2121,1.01
대한민국,일간,2021/08/06,금,1822,209228,0.40,51830139,3,2116,1.01
대한민국,일간,2021/08/05,목,1704,207406,0.40,51830139,4,2113,1.02
대한민국,일간,2021/08/04,수,1776,205702,0.40,51830139,3,2109,1.03
대한민국,일간,2021/08/03,화,1723,203926,0.39,51830139,2,2106,1.03
대한민국,일간,2021/08/02,월,1201,202203,0.39,51830139,5,2104,1.04
대한민국,일간,2021/08/01,일,1215,201002,0.39,51830139,1,2099,1.04
대한민국,일간,2021/07/31,토,1442,199787,0.39,51830139,3,2098,1.05
대한민국,일간,2021/07/30,금,1539,198345,0.38,51830139,6,2095,1.06
대한민국,일간,2021/07/29,목,1707,196806,0.38,51830139,4,2089,1.06
대한민국,일간,2021/07/28,수,1672,195099,0.38,51830139,2,2085,1.07
대한민국,일간,2021/07/27,화,1896,193427,0.37,51830139,4,2083,1.08
대한민국,일간,2021/07/26,월,1365,191531,0.37,51830139,2,2079,1.09
대한민국,일간,2021/07/25,일,1318,190166,0.37,51830139,4,2077,1.09
대한민국,일간,2021/07/24,토,1486,188848,0.36,51830139,5,2073,1.10
대한민국,일간,2021/07/23,금,1629,187362,0.36,51830139,2,2068,1.10
대한민국,일간,2021/07/22,목,1630,185733,0.36,51830139,3,2066,1.11
대한민국,일간,2021/07/21,수,1838,184103,0.36,51830139,3,2063,1.12
대한민국,일간,2021/07/20,화,1784,182265,0.35,51830139,1,2060,1.13
대한민국,일간,2021/07/19,월,1278,180481,0.35,51830139,1,2059,1.14
대한민국,일간,2021/07/18,일,1252,179203,0.35,51830139,1,2058,1.15
대한민국,일간,2021/07/17,토,1451,177951,0.34,51830139,2,2057,1.16
대한민국,일간,2021/07/16,금,1454,176500,0.34,51830139,4,2055,1.16
대한민국,일간,2021/07/15,목,1535,175046,0.34,51830139,1,2051,1.17
대한민국,일간,2021/07/14,수,1600,173511,0.33,51830139,2,2050,1.18
대한민국,일간,2021/07/13,화,1615,171911,0.33,51830139,2,2048,1.19
대한민국,일간,2021/07/12,월,1150,170296,0.33,51830139,2,2046,1.20
대한민국,일간,2021/07/11,일,1100,169146,0.33,51830139,1,2044,1.21
대한민국,일간,2021/07/10,토,1324,168046,0.32,51830139,5,2043,1.22
대한민국,일간,2021/07/09,금,1378,166722,0.32,51830139,2,2038,1.22
대한민국,일간,2021/07/08,목,1316,165344,0.32,51830139,2,2036,1.23
대한민국,일간,2021/07/07,수,1275,164028,0.32,51830139,1,2034,1.24
대한민국,일간,2021/07/06,화,1212,162753,0.31,51830139,1,2033,1.25
대한민국,일간,2021/07/05,월,746,161541,0.31,51830139,4,2032,1.26
대한민국,일간,2021/07/04,일,711,160795,0.31,51830139,2,2028,1.26
대한민국,일간,2021/07/03,토,742,160084,0.31,51830139,1,2026,1.27
대한민국,일간,2021/07/02,금,793,159342,0.31,51830139,1,2025,1.27
대한민국,일간,2021/07/01,목,826,158549,0.31,51830139,3,2024,1.28
대한민국,일간,2021/06/30,수,762,157723,0.30,51830139,3,2021,1.28
대한민국,일간,2021/06/29,화,794,156961,0.30,51830139,1,2018,1.29
대한민국,일간,2021/06/28,월,595,156167,0.30,51830139,2,2017,1.29
대한민국,일간,2021/06/27,일,501,155572,0.30,51830139,2,2015,1.30
대한민국,일간,2021/06/26,토,614,155071,0.30,51830139,1,2013,1.30
대한민국,일간,2021/06/25,금,668,154457,0.30,51830139,3,2012,1.30
대한민국,일간,2021/06/24,목,634,153789,0.30,51830139,1,2009,1.31
대한민국,일간,2021/06/23,수,610,153155,0.30,51830139,1,2008,1.31
대한민국,일간,2021/06/22,화,644,152545,0.29,51830139,1,2007,1.32
대한민국,일간,2021/06/21,월,395,151901,0.29,51830139,2,2006,1.32
대한민국,일간,2021/06/20,일,357,151506,0.29,51830139,2,2004,1.32
대한민국,일간,2021/06/19,토,429,151149,0.29,51830139,5,2002,1.32
대한민국,일간,2021/06/18,금,482,150720,0.29,51830139,1,1997,1.32
대한민국,일간,2021/06/17,목,507,150238,0.29,51830139,2,1996,1.33
대한민국,일간,2021/06/16,수,540,149731,0.29,51830139,1,1994,1.33
대한민국,일간,2021/06/15,화,544,149191,0.29,51830139,1,1993,1.34
대한민국,일간,2021/06/14,월,374,148647,0.29,51830139,4,1992,1.34
대한민국,일간,2021/06/13,일,399,148273,0.29,51830139,3,1988,1.34
대한민국,일간,2021/06/12,토,452,147874,0.29,51830139,3,1985,1.34
대한민국,일간,2021/06/11,금,563,147422,0.28,51830139,1,1982,1.34
대한민국,일간,2021/06/10,목,556,146859,0.28,51830139,2,1981,1.35
대한민국,일간,2021/06/09,수,611,146303,0.28,51830139,2,1979,1.35
대한민국,일간,2021/06/08,화,601,145692,0.28,51830139,2,1977,1.36
대한민국,일간,2021/06/07,월,454,145091,0.28,51830139,1,1975,1.36
대한민국,일간,2021/06/06,일,485,144637,0.28,51830139,1,1974,1.36
대한민국,일간,2021/06/05,토,556,144152,0.28,51830139,2,1973,1.37
대한민국,일간,2021/06/04,금,744,143596,0.28,51830139,2,1971,1.37
대한민국,일간,2021/06/03,목,695,142852,0.28,51830139,1,1969,1.38
대한민국,일간,2021/06/02,수,681,142157,0.27,51830139,3,1968,1.38
대한민국,일간,2021/06/01,화,677,141476,0.27,51830139,2,1965,1.39
대한민국,일간,2021/05/31,월,459,140799,0.27,51830139,4,1963,1.39
대한민국,일간,2021/05/30,일,430,140340,0.27,51830139,2,1959,1.40
대한민국,일간,2021/05/29,토,479,139910,0.27,51830139,6,1957,1.40
대한민국,일간,2021/05/28,금,533,139431,0.27,51830139,5,1951,1.40
대한민국,일간,2021/05/27,목,587,138898,0.27,51830139,3,1946,1.40
대한민국,일간,2021/05/26,수,629,138311,0.27,51830139,3,1943,1.40
대한민국,일간,2021/05/25,화,699,137682,0.27,51830139,2,1940,1.41
대한민국,일간,2021/05/24,월,516,136983,0.26,51830139,4,1938,1.41
대한민국,일간,2021/05/23,일,538,136467,0.26,51830139,3,1934,1.42
대한민국,일간,2021/05/22,토,585,135929,0.26,51830139,5,1931,1.42
대한민국,일간,2021/05/21,금,666,135344,0.26,51830139,4,1926,1.42
대한민국,일간,2021/05/20,목,561,134678,0.26,51830139,6,1922,1.43
대한민국,일간,2021/05/19,수,646,134117,0.26,51830139,4,1916,1.43
대한민국,일간,2021/05/18,화,653,133471,0.26,51830139,8,1912,1.43
대한민국,일간,2021/05/17,월,528,132818,0.26,51830139,1,1904,1.43
대한민국,일간,2021/05/16,일,619,132290,0.26,51830139,3,1903,1.44
대한민국,일간,2021/05/15,토,610,131671,0.25,51830139,4,1900,1.44
대한민국,일간,2021/05/14,금,681,131061,0.25,51830139,3,1896,1.45
대한민국,일간,2021/05/13,목,747,130380,0.25,51830139,2,1893,1.45
대한민국,일간,2021/05/12,수,715,129633,0.25,51830139,7,1891,1.46
대한민국,일간,2021/05/11,화,635,128918,0.25,51830139,5,1884,1.46
대한민국,일간,2021/05/10,월,511,128283,0.25,51830139,4,1879,1.46
대한민국,일간,2021/05/09,일,463,127772,0.25,51830139,1,1875,1.47
대한민국,일간,2021/05/08,토,564,127309,0.25,51830139,9,1874,1.47
대한민국,일간,2021/05/07,금,701,126745,0.24,51830139,5,1865,1.47
대한민국,일간,2021/05/06,목,525,126044,0.24,51830139,9,1860,1.48
대한민국,일간,2021/05/05,수,574,125519,0.24,51830139,4,1851,1.47
대한민국,일간,2021/05/04,화,676,124945,0.24,51830139,7,1847,1.48
대한민국,일간,2021/05/03,월,541,124269,0.24,51830139,6,1840,1.48
대한민국,일간,2021/05/02,일,488,123728,0.24,51830139,1,1834,1.48
대한민국,일간,2021/05/01,토,606,123240,0.24,51830139,2,1833,1.49
대한민국,일간,2021/04/30,금,627,122634,0.24,51830139,3,1831,1.49
대한민국,일간,2021/04/29,목,656,122007,0.24,51830139,3,1828,1.50
대한민국,일간,2021/04/28,수,678,121351,0.23,51830139,4,1825,1.50
대한민국,일간,2021/04/27,화,775,120673,0.23,51830139,1,1821,1.51
대한민국,일간,2021/04/26,월,511,119898,0.23,51830139,3,1820,1.52
대한민국,일간,2021/04/25,일,500,119387,0.23,51830139,4,1817,1.52
대한민국,일간,2021/04/24,토,644,118887,0.23,51830139,1,1813,1.52
대한민국,일간,2021/04/23,금,785,118243,0.23,51830139,1,1812,1.53
대한민국,일간,2021/04/22,목,797,117458,0.23,51830139,3,1811,1.54
대한민국,일간,2021/04/21,수,735,116661,0.23,51830139,2,1808,1.55
대한민국,일간,2021/04/20,화,731,115926,0.22,51830139,4,1806,1.56
대한민국,일간,2021/04/19,월,549,115195,0.22,51830139,1,1802,1.56
대한민국,일간,2021/04/18,일,531,114646,0.22,51830139,4,1801,1.57
대한민국,일간,2021/04/17,토,671,114115,0.22,51830139,3,1797,1.57
대한민국,일간,2021/04/16,금,655,113444,0.22,51830139,4,1794,1.58
대한민국,일간,2021/04/15,목,672,112789,0.22,51830139,2,1790,1.59
대한민국,일간,2021/04/14,수,698,112117,0.22,51830139,6,1788,1.59
대한민국,일간,2021/04/13,화,731,111419,0.21,51830139,7,1782,1.60
대한민국,일간,2021/04/12,월,542,110688,0.21,51830139,5,1775,1.60
대한민국,일간,2021/04/11,일,587,110146,0.21,51830139,2,1770,1.61
대한민국,일간,2021/04/10,토,614,109559,0.21,51830139,3,1768,1.61
대한민국,일간,2021/04/09,금,676,108945,0.21,51830139,1,1765,1.62
대한민국,일간,2021/04/08,목,671,108269,0.21,51830139,6,1764,1.63
대한민국,일간,2021/04/07,수,700,107598,0.21,51830139,2,1758,1.63
대한민국,일간,2021/04/06,화,668,106898,0.21,51830139,4,1756,1.64
대한민국,일간,2021/04/05,월,478,106230,0.20,51830139,4,1752,1.65
대한민국,일간,2021/04/04,일,473,105752,0.20,51830139,4,1748,1.65
대한민국,일간,2021/04/03,토,543,105279,0.20,51830139,4,1744,1.66
대한민국,일간,2021/04/02,금,542,104736,0.20,51830139,3,1740,1.66
대한민국,일간,2021/04/01,목,555,104194,0.20,51830139,2,1737,1.67
대한민국,일간,2021/03/31,수,551,103639,0.20,51830139,4,1735,1.67
대한민국,일간,2021/03/30,화,506,103088,0.20,51830139,2,1731,1.68
대한민국,일간,2021/03/29,월,441,102582,0.20,51830139,3,1729,1.69
대한민국,일간,2021/03/28,일,384,102141,0.20,51830139,4,1726,1.69
대한민국,일간,2021/03/27,토,482,101757,0.20,51830139,1,1722,1.69
대한민국,일간,2021/03/26,금,505,101275,0.20,51830139,5,1721,1.70
대한민국,일간,2021/03/25,목,494,100770,0.19,51830139,7,1716,1.70
대한민국,일간,2021/03/24,수,430,100276,0.19,51830139,2,1709,1.70
대한민국,일간,2021/03/23,화,425,99846,0.19,51830139,3,1707,1.71
대한민국,일간,2021/03/22,월,346,99421,0.19,51830139,7,1704,1.71
대한민국,일간,2021/03/21,일,410,99075,0.19,51830139,1,1697,1.71
대한민국,일간,2021/03/20,토,456,98665,0.19,51830139,3,1696,1.72
대한민국,일간,2021/03/19,금,452,98209,0.19,51830139,3,1693,1.72
대한민국,일간,2021/03/18,목,463,97757,0.19,51830139,2,1690,1.73
대한민국,일간,2021/03/17,수,445,97294,0.19,51830139,2,1688,1.73
대한민국,일간,2021/03/16,화,469,96849,0.19,51830139,8,1686,1.74
대한민국,일간,2021/03/15,월,363,96380,0.19,51830139,3,1678,1.74
대한민국,일간,2021/03/14,일,382,96017,0.19,51830139,6,1675,1.74
대한민국,일간,2021/03/13,토,459,95635,0.18,51830139,2,1669,1.75
대한민국,일간,2021/03/12,금,490,95176,0.18,51830139,5,1667,1.75
대한민국,일간,2021/03/11,목,488,94686,0.18,51830139,10,1662,1.76
대한민국,일간,2021/03/10,수,465,94198,0.18,51830139,4,1652,1.75
대한민국,일간,2021/03/09,화,470,93733,0.18,51830139,3,1648,1.76
대한민국,일간,2021/03/08,월,446,93263,0.18,51830139,3,1645,1.76
대한민국,일간,2021/03/07,일,346,92817,0.18,51830139,8,1642,1.77
대한민국,일간,2021/03/06,토,416,92471,0.18,51830139,2,1634,1.77
대한민국,일간,2021/03/05,금,417,92055,0.18,51830139,5,1632,1.77
대한민국,일간,2021/03/04,목,398,91638,0.18,51830139,8,1627,1.78
대한민국,일간,2021/03/03,수,424,91240,0.18,51830139,7,1619,1.77
대한민국,일간,2021/03/02,화,444,90816,0.18,51830139,6,1612,1.78
대한민국,일간,2021/03/01,월,341,90372,0.17,51830139,1,1606,1.78
대한민국,일간,2021/02/28,일,355,90031,0.17,51830139,2,1605,1.78
대한민국,일간,2021/02/27,토,355,89676,0.17,51830139,8,1603,1.79
대한민국,일간,2021/02/26,금,399,89321,0.17,51830139,10,1595,1.79
대한민국,일간,2021/02/25,목,406,88922,0.17,51830139,4,1585,1.78
대한민국,일간,2021/02/24,수,396,88516,0.17,51830139,5,1581,1.79
대한민국,일간,2021/02/23,화,439,88120,0.17,51830139,3,1576,1.79
대한민국,일간,2021/02/22,월,357,87681,0.17,51830139,11,1573,1.79
대한민국,일간,2021/02/21,일,332,87324,0.17,51830139,5,1562,1.79
대한민국,일간,2021/02/20,토,418,86992,0.17,51830139,4,1557,1.79
대한민국,일간,2021/02/19,금,446,86574,0.17,51830139,3,1553,1.79
대한민국,일간,2021/02/18,목,561,86128,0.17,51830139,6,1550,1.80
대한민국,일간,2021/02/17,수,621,85567,0.17,51830139,6,1544,1.80
대한민국,일간,2021/02/16,화,621,84946,0.16,51830139,4,1538,1.81
대한민국,일간,2021/02/15,월,456,84325,0.16,51830139,7,1534,1.82
대한민국,일간,2021/02/14,일,344,83869,0.16,51830139,5,1527,1.82
대한민국,일간,2021/02/13,토,326,83525,0.16,51830139,8,1522,1.82
대한민국,일간,2021/02/12,금,362,83199,0.16,51830139,7,1514,1.82
대한민국,일간,2021/02/11,목,403,82837,0.16,51830139,11,1507,1.82
대한민국,일간,2021/02/10,수,504,82434,0.16,51830139,10,1496,1.81
대한민국,일간,2021/02/09,화,443,81930,0.16,51830139,4,1486,1.81
대한민국,일간,2021/02/08,월,302,81487,0.16,51830139,8,1482,1.82
대한민국,일간,2021/02/07,일,289,81185,0.16,51830139,3,1474,1.82
대한민국,일간,2021/02/06,토,372,80896,0.16,51830139,7,1471,1.82
대한민국,일간,2021/02/05,금,393,80524,0.16,51830139,5,1464,1.82
대한민국,일간,2021/02/04,목,369,80131,0.15,51830139,11,1459,1.82
대한민국,일간,2021/02/03,수,451,79762,0.15,51830139,7,1448,1.82
대한민국,일간,2021/02/02,화,467,79311,0.15,51830139,6,1441,1.82
대한민국,일간,2021/02/01,월,336,78844,0.15,51830139,10,1435,1.82
대한민국,일간,2021/01/31,일,303,78508,0.15,51830139,5,1425,1.82
대한민국,일간,2021/01/30,토,355,78205,0.15,51830139,6,1420,1.82
대한민국,일간,2021/01/29,금,455,77850,0.15,51830139,15,1414,1.82
대한민국,일간,2021/01/28,목,469,77395,0.15,51830139,13,1399,1.81
대한민국,일간,2021/01/27,수,497,76926,0.15,51830139,8,1386,1.80
대한민국,일간,2021/01/26,화,554,76429,0.15,51830139,7,1378,1.80
대한민국,일간,2021/01/25,월,354,75875,0.15,51830139,11,1371,1.81
대한민국,일간,2021/01/24,일,437,75521,0.15,51830139,11,1360,1.80
대한민국,일간,2021/01/23,토,392,75084,0.14,51830139,12,1349,1.80
대한민국,일간,2021/01/22,금,430,74692,0.14,51830139,9,1337,1.79
대한민국,일간,2021/01/21,목,344,74262,0.14,51830139,12,1328,1.79
대한민국,일간,2021/01/20,수,400,73918,0.14,51830139,16,1316,1.78
대한민국,일간,2021/01/19,화,403,73518,0.14,51830139,17,1300,1.77
대한민국,일간,2021/01/18,월,386,73115,0.14,51830139,19,1283,1.75
대한민국,일간,2021/01/17,일,389,72729,0.14,51830139,15,1264,1.74
대한민국,일간,2021/01/16,토,520,72340,0.14,51830139,13,1249,1.73
대한민국,일간,2021/01/15,금,579,71820,0.14,51830139,19,1236,1.72
대한민국,일간,2021/01/14,목,513,71241,0.14,51830139,22,1217,1.71
대한민국,일간,2021/01/13,수,516,70728,0.14,51830139,10,1195,1.69
대한민국,일간,2021/01/12,화,561,70212,0.14,51830139,20,1185,1.69
대한민국,일간,2021/01/11,월,537,69651,0.13,51830139,25,1165,1.67
대한민국,일간,2021/01/10,일,450,69114,0.13,51830139,15,1140,1.65
대한민국,일간,2021/01/09,토,665,68664,0.13,51830139,25,1125,1.64
대한민국,일간,2021/01/08,금,641,67999,0.13,51830139,19,1100,1.62
대한민국,일간,2021/01/07,목,672,67358,0.13,51830139,35,1081,1.60
대한민국,일간,2021/01/06,수,868,66686,0.13,51830139,19,1046,1.57
대한민국,일간,2021/01/05,화,839,65818,0.13,51830139,20,1027,1.56
대한민국,일간,2021/01/04,월,715,64979,0.13,51830139,26,1007,1.55
대한민국,일간,2021/01/03,일,1020,64264,0.12,51830139,19,981,1.53
대한민국,일간,2021/01/02,토,651,63244,0.12,51830139,20,962,1.52
대한민국,일간,2021/01/01,금,824,62593,0.12,51830139,25,942,1.50
