대륙,국가,구분,일자,요일,누적확진(명),신규확진(명),인구확진률(%),인구(명),누적사망(명),신규사망(명),사망률(%)
동아시아/동남아시아,대한민국,일간,2023/03/09,목,30615522,10335,59.12,51784059,34093,12,0.11
동아시아/동남아시아,대한민국,일간,2023/03/08,수,30605187,10890,59.10,51784059,34081,20,0.11
동아시아/동남아시아,대한민국,일간,2023/03/07,화,30594297,12798,59.08,51784059,34061,12,0.11
동아시아/동남아시아,대한민국,일간,2023/03/06,월,30581499,12284,59.06,51784059,34049,15,0.11
동아시아/동남아시아,대한민국,일간,2023/03/05,일,30569215,4300,59.03,51784059,34034,9,0.11
동아시아/동남아시아,대한민국,일간,2023/03/04,토,30564915,9813,59.02,51784059,34025,5,0.11
동아시아/동남아시아,대한민국,일간,2023/03/03,금,30555102,11121,59.00,51784059,34020,6,0.11
동아시아/동남아시아,대한민국,일간,2023/03/02,목,30543981,10408,58.98,51784059,34014,11,0.11
동아시아/동남아시아,대한민국,일간,2023/03/01,수,30533573,7561,58.96,51784059,34003,15,0.11
동아시아/동남아시아,대한민국,일간,2023/02/28,화,30526012,12291,58.95,51784059,33988,11,0.11
동아시아/동남아시아,대한민국,일간,2023/02/27,월,30513721,10817,58.92,51784059,33977,16,0.11
동아시아/동남아시아,대한민국,일간,2023/02/26,일,30502904,4026,58.90,51784059,33961,15,0.11
동아시아/동남아시아,대한민국,일간,2023/02/25,토,30498878,9212,58.90,51784059,33946,6,0.11
동아시아/동남아시아,대한민국,일간,2023/02/24,금,30489666,9913,58.88,51784059,33940,11,0.11
동아시아/동남아시아,대한민국,일간,2023/02/23,목,30479753,10051,58.86,51784059,33929,20,0.11
동아시아/동남아시아,대한민국,일간,2023/02/22,수,30469702,10845,58.84,51784059,33909,22,0.11
동아시아/동남아시아,대한민국,일간,2023/02/21,화,30458857,13082,58.82,51784059,33887,14,0.11
동아시아/동남아시아,대한민국,일간,2023/02/20,월,30445775,11880,58.79,51784059,33873,8,0.11
동아시아/동남아시아,대한민국,일간,2023/02/19,일,30433895,4324,58.77,51784059,33865,9,0.11
동아시아/동남아시아,대한민국,일간,2023/02/18,토,30429571,10274,58.76,51784059,33856,12,0.11
동아시아/동남아시아,대한민국,일간,2023/02/17,금,30419297,10641,58.74,51784059,33844,12,0.11
동아시아/동남아시아,대한민국,일간,2023/02/16,목,30408656,11436,58.72,51784059,33832,28,0.11
동아시아/동남아시아,대한민국,일간,2023/02/15,수,30397220,12519,58.70,51784059,33804,22,0.11
동아시아/동남아시아,대한민국,일간,2023/02/14,화,30384701,14957,58.68,51784059,33782,24,0.11
동아시아/동남아시아,대한민국,일간,2023/02/13,월,30369744,14371,58.65,51784059,33758,11,0.11
동아시아/동남아시아,대한민국,일간,2023/02/12,일,30355373,5174,58.62,51784059,33747,11,0.11
동아시아/동남아시아,대한민국,일간,2023/02/11,토,30350199,11911,58.61,51784059,33736,23,0.11
동아시아/동남아시아,대한민국,일간,2023/02/10,금,30338288,12805,58.59,51784059,33713,16,0.11
동아시아/동남아시아,대한민국,일간,2023/02/09,목,30325483,13504,58.56,51784059,33697,17,0.11
동아시아/동남아시아,대한민국,일간,2023/02/08,수,30311979,14664,58.54,51784059,33680,34,0.11
동아시아/동남아시아,대한민국,일간,2023/02/07,화,30297315,17934,58.51,51784059,33646,22,0.11
동아시아/동남아시아,대한민국,일간,2023/02/06,월,30279381,16120,58.47,51784059,33624,10,0.11
동아시아/동남아시아,대한민국,일간,2023/02/05,일,30263261,5850,58.44,51784059,33614,18,0.11
동아시아/동남아시아,대한민국,일간,2023/02/04,토,30257411,14018,58.43,51784059,33596,22,0.11
동아시아/동남아시아,대한민국,일간,2023/02/03,금,30243393,14504,58.40,51784059,33574,22,0.11
동아시아/동남아시아,대한민국,일간,2023/02/02,목,30228889,14961,58.37,51784059,33552,30,0.11
동아시아/동남아시아,대한민국,일간,2023/02/01,수,30213928,16862,58.35,51784059,33522,36,0.11
동아시아/동남아시아,대한민국,일간,2023/01/31,화,30197066,20420,58.31,51784059,33486,42,0.11
동아시아/동남아시아,대한민국,일간,2023/01/30,월,30176646,19629,58.27,51784059,33444,24,0.11
동아시아/동남아시아,대한민국,일간,2023/01/29,일,30157017,7416,58.24,51784059,33420,30,0.11
동아시아/동남아시아,대한민국,일간,2023/01/28,토,30149601,18871,58.22,51784059,33390,29,0.11
동아시아/동남아시아,대한민국,일간,2023/01/27,금,30130730,23367,58.19,51784059,33361,29,0.11
동아시아/동남아시아,대한민국,일간,2023/01/26,목,30107363,31711,58.14,51784059,33332,36,0.11
동아시아/동남아시아,대한민국,일간,2023/01/25,수,30075652,35096,58.08,51784059,33296,26,0.11
동아시아/동남아시아,대한민국,일간,2023/01/24,화,30040556,19538,58.01,51784059,33270,25,0.11
동아시아/동남아시아,대한민국,일간,2023/01/23,월,30021018,12262,57.97,51784059,33245,10,0.11
동아시아/동남아시아,대한민국,일간,2023/01/22,일,30008756,9227,57.95,51784059,33235,26,0.11
동아시아/동남아시아,대한민국,일간,2023/01/21,토,29999529,16624,57.93,51784059,33209,24,0.11
동아시아/동남아시아,대한민국,일간,2023/01/20,금,29982905,27539,57.90,51784059,33185,51,0.11
동아시아/동남아시아,대한민국,일간,2023/01/19,목,29955366,27408,57.85,51784059,33134,30,0.11
동아시아/동남아시아,대한민국,일간,2023/01/18,수,29927958,29816,57.79,51784059,33104,47,0.11
동아시아/동남아시아,대한민국,일간,2023/01/17,화,29898142,36908,57.74,51784059,33057,43,0.11
동아시아/동남아시아,대한민국,일간,2023/01/16,월,29861234,40199,57.66,51784059,33014,30,0.11
동아시아/동남아시아,대한민국,일간,2023/01/15,일,29821035,14144,57.59,51784059,32984,35,0.11
동아시아/동남아시아,대한민국,일간,2023/01/14,토,29806891,32570,57.56,51784059,32949,37,0.11
동아시아/동남아시아,대한민국,일간,2023/01/13,금,29774321,36552,57.50,51784059,32912,45,0.11
동아시아/동남아시아,대한민국,일간,2023/01/12,목,29737769,39726,57.43,51784059,32867,46,0.11
동아시아/동남아시아,대한민국,일간,2023/01/11,수,29698043,43953,57.35,51784059,32821,76,0.11
동아시아/동남아시아,대한민국,일간,2023/01/10,화,29654090,54343,57.26,51784059,32745,76,0.11
동아시아/동남아시아,대한민국,일간,2023/01/09,월,29599747,60041,57.16,51784059,32669,44,0.11
동아시아/동남아시아,대한민국,일간,2023/01/08,일,29539706,19106,57.04,51784059,32625,35,0.11
동아시아/동남아시아,대한민국,일간,2023/01/07,토,29520600,46766,57.01,51784059,32590,34,0.11
동아시아/동남아시아,대한민국,일간,2023/01/06,금,29473834,53608,56.92,51784059,32556,60,0.11
동아시아/동남아시아,대한민국,일간,2023/01/05,목,29420226,56954,56.81,51784059,32496,75,0.11
동아시아/동남아시아,대한민국,일간,2023/01/04,수,29363272,64106,56.70,51784059,32421,66,0.11
동아시아/동남아시아,대한민국,일간,2023/01/03,화,29299166,78575,56.58,51784059,32355,54,0.11
동아시아/동남아시아,대한민국,일간,2023/01/02,월,29220591,81056,56.43,51784059,32301,29,0.11
동아시아/동남아시아,대한민국,일간,2023/01/01,일,29139535,22735,56.27,51784059,32272,53,0.11
동아시아/동남아시아,대한민국,일간,2022/12/31,토,29116800,57527,56.19,51815810,32219,63,0.11
동아시아/동남아시아,대한민국,일간,2022/12/30,금,29059273,62926,56.08,51815810,32156,61,0.11
동아시아/동남아시아,대한민국,일간,2022/12/29,목,28996347,65207,55.96,51815810,32095,68,0.11
동아시아/동남아시아,대한민국,일간,2022/12/28,수,28931140,71427,55.83,51815810,32027,76,0.11
동아시아/동남아시아,대한민국,일간,2022/12/27,화,28859713,87517,55.70,51815810,31951,69,0.11
동아시아/동남아시아,대한민국,일간,2022/12/26,월,28772196,87596,55.53,51815810,31882,50,0.11
동아시아/동남아시아,대한민국,일간,2022/12/25,일,28684600,25545,55.36,51815810,31832,42,0.11
동아시아/동남아시아,대한민국,일간,2022/12/24,토,28659055,58448,55.31,51815810,31790,46,0.11
동아시아/동남아시아,대한민국,일간,2022/12/23,금,28600607,66049,55.20,51815810,31744,70,0.11
동아시아/동남아시아,대한민국,일간,2022/12/22,목,28534558,68168,55.07,51815810,31674,63,0.11
동아시아/동남아시아,대한민국,일간,2022/12/21,수,28466390,75744,54.94,51815810,31611,62,0.11
동아시아/동남아시아,대한민국,일간,2022/12/20,화,28390646,88172,54.79,51815810,31549,59,0.11
동아시아/동남아시아,대한민국,일간,2022/12/19,월,28302474,87559,54.62,51815810,31490,56,0.11
동아시아/동남아시아,대한민국,일간,2022/12/18,일,28214915,26622,54.45,51815810,31434,39,0.11
동아시아/동남아시아,대한민국,일간,2022/12/17,토,28188293,58862,54.40,51815810,31395,42,0.11
동아시아/동남아시아,대한민국,일간,2022/12/16,금,28129431,66752,54.29,51815810,31353,55,0.11
동아시아/동남아시아,대한민국,일간,2022/12/15,목,28062679,66953,54.16,51815810,31298,66,0.11
동아시아/동남아시아,대한민국,일간,2022/12/14,수,27995726,70154,54.03,51815810,31232,58,0.11
동아시아/동남아시아,대한민국,일간,2022/12/13,화,27925572,84571,53.89,51815810,31174,46,0.11
동아시아/동남아시아,대한민국,일간,2022/12/12,월,27841001,86852,53.73,51815810,31128,29,0.11
동아시아/동남아시아,대한민국,일간,2022/12/11,일,27754149,25667,53.56,51815810,31099,30,0.11
동아시아/동남아시아,대한민국,일간,2022/12/10,토,27728482,54319,53.51,51815810,31069,40,0.11
동아시아/동남아시아,대한민국,일간,2022/12/09,금,27674163,62608,53.41,51815810,31029,54,0.11
동아시아/동남아시아,대한민국,일간,2022/12/08,목,27611555,62734,53.29,51815810,30975,67,0.11
동아시아/동남아시아,대한민국,일간,2022/12/07,수,27548821,65253,53.17,51815810,30908,61,0.11
동아시아/동남아시아,대한민국,일간,2022/12/06,화,27483568,74714,53.04,51815810,30847,54,0.11
동아시아/동남아시아,대한민국,일간,2022/12/05,월,27408854,77604,52.90,51815810,30793,24,0.11
동아시아/동남아시아,대한민국,일간,2022/12/04,일,27331250,23160,52.75,51815810,30769,40,0.11
동아시아/동남아시아,대한민국,일간,2022/12/03,토,27308090,46564,52.70,51815810,30729,60,0.11
동아시아/동남아시아,대한민국,일간,2022/12/02,금,27261526,52726,52.61,51815810,30669,48,0.11
동아시아/동남아시아,대한민국,일간,2022/12/01,목,27208800,52987,52.51,51815810,30621,53,0.11
동아시아/동남아시아,대한민국,일간,2022/11/30,수,27155813,57079,52.41,51815810,30568,62,0.11
동아시아/동남아시아,대한민국,일간,2022/11/29,화,27098734,67415,52.30,51815810,30506,52,0.11
동아시아/동남아시아,대한민국,일간,2022/11/28,월,27031319,71476,52.17,51815810,30454,41,0.11
동아시아/동남아시아,대한민국,일간,2022/11/27,일,26959843,22327,52.03,51815810,30413,44,0.11
동아시아/동남아시아,대한민국,일간,2022/11/26,토,26937516,47028,51.99,51815810,30369,39,0.11
동아시아/동남아시아,대한민국,일간,2022/11/25,금,26890488,52648,51.90,51815810,30330,52,0.11
동아시아/동남아시아,대한민국,일간,2022/11/24,목,26837840,53698,51.79,51815810,30278,55,0.11
동아시아/동남아시아,대한민국,일간,2022/11/23,수,26784142,59089,51.69,51815810,30223,59,0.11
동아시아/동남아시아,대한민국,일간,2022/11/22,화,26725053,70324,51.58,51815810,30164,53,0.11
동아시아/동남아시아,대한민국,일간,2022/11/21,월,26654729,72873,51.44,51815810,30111,45,0.11
동아시아/동남아시아,대한민국,일간,2022/11/20,일,26581856,23091,51.30,51815810,30066,35,0.11
동아시아/동남아시아,대한민국,일간,2022/11/19,토,26558765,46011,51.26,51815810,30031,41,0.11
동아시아/동남아시아,대한민국,일간,2022/11/18,금,26512754,50435,51.17,51815810,29990,65,0.11
동아시아/동남아시아,대한민국,일간,2022/11/17,목,26462319,49418,51.07,51815810,29925,63,0.11
동아시아/동남아시아,대한민국,일간,2022/11/16,수,26412901,55437,50.97,51815810,29862,67,0.11
동아시아/동남아시아,대한민국,일간,2022/11/15,화,26357464,66587,50.87,51815810,29795,47,0.11
동아시아/동남아시아,대한민국,일간,2022/11/14,월,26290877,72883,50.74,51815810,29748,39,0.11
동아시아/동남아시아,대한민국,일간,2022/11/13,일,26217994,23765,50.60,51815810,29709,44,0.11
동아시아/동남아시아,대한민국,일간,2022/11/12,토,26194229,48465,50.55,51815810,29665,48,0.11
동아시아/동남아시아,대한민국,일간,2022/11/11,금,26145764,54225,50.46,51815810,29617,46,0.11
동아시아/동남아시아,대한민국,일간,2022/11/10,목,26091539,54519,50.35,51815810,29571,40,0.11
동아시아/동남아시아,대한민국,일간,2022/11/09,수,26037020,55365,50.25,51815810,29531,52,0.11
동아시아/동남아시아,대한민국,일간,2022/11/08,화,25981655,62472,50.14,51815810,29479,59,0.11
동아시아/동남아시아,대한민국,일간,2022/11/07,월,25919183,62273,50.02,51815810,29420,30,0.11
동아시아/동남아시아,대한민국,일간,2022/11/06,일,25856910,18671,49.90,51815810,29390,18,0.11
동아시아/동남아시아,대한민국,일간,2022/11/05,토,25838239,36675,49.87,51815810,29372,18,0.11
동아시아/동남아시아,대한민국,일간,2022/11/04,금,25801564,40863,49.79,51815810,29354,39,0.11
동아시아/동남아시아,대한민국,일간,2022/11/03,목,25760701,43424,49.72,51815810,29315,35,0.11
동아시아/동남아시아,대한민국,일간,2022/11/02,수,25717277,46870,49.63,51815810,29280,41,0.11
동아시아/동남아시아,대한민국,일간,2022/11/01,화,25670407,54740,49.54,51815810,29239,30,0.11
동아시아/동남아시아,대한민국,일간,2022/10/31,월,25615667,58358,49.44,51815810,29209,33,0.11
동아시아/동남아시아,대한민국,일간,2022/10/30,일,25557309,18510,49.32,51815810,29176,18,0.11
동아시아/동남아시아,대한민국,일간,2022/10/29,토,25538799,34511,49.29,51815810,29158,27,0.11
동아시아/동남아시아,대한민국,일간,2022/10/28,금,25504288,37296,49.22,51815810,29131,31,0.11
동아시아/동남아시아,대한민국,일간,2022/10/27,목,25466992,35887,49.15,51815810,29100,31,0.11
동아시아/동남아시아,대한민국,일간,2022/10/26,수,25431105,34950,49.08,51815810,29069,26,0.11
동아시아/동남아시아,대한민국,일간,2022/10/25,화,25396155,40805,49.01,51815810,29043,26,0.11
동아시아/동남아시아,대한민국,일간,2022/10/24,월,25355350,43714,48.93,51815810,29017,17,0.11
동아시아/동남아시아,대한민국,일간,2022/10/23,일,25311636,14302,48.85,51815810,29000,10,0.11
동아시아/동남아시아,대한민국,일간,2022/10/22,토,25297334,26256,48.82,51815810,28990,16,0.11
동아시아/동남아시아,대한민국,일간,2022/10/21,금,25271078,26823,48.77,51815810,28974,22,0.11
동아시아/동남아시아,대한민국,일간,2022/10/20,목,25244255,24709,48.72,51815810,28952,30,0.11
동아시아/동남아시아,대한민국,일간,2022/10/19,수,25219546,25369,48.67,51815810,28922,23,0.11
동아시아/동남아시아,대한민국,일간,2022/10/18,화,25194177,29482,48.62,51815810,28899,43,0.11
동아시아/동남아시아,대한민국,일간,2022/10/17,월,25164695,33190,48.57,51815810,28856,5,0.11
동아시아/동남아시아,대한민국,일간,2022/10/16,일,25131505,11040,48.50,51815810,28851,11,0.11
동아시아/동남아시아,대한민국,일간,2022/10/15,토,25120465,21469,48.48,51815810,28840,32,0.11
동아시아/동남아시아,대한민국,일간,2022/10/14,금,25098996,22757,48.44,51815810,28808,25,0.11
동아시아/동남아시아,대한민국,일간,2022/10/13,목,25076239,23562,48.39,51815810,28783,35,0.11
동아시아/동남아시아,대한민국,일간,2022/10/12,수,25052677,26928,48.35,51815810,28748,25,0.11
동아시아/동남아시아,대한민국,일간,2022/10/11,화,25025749,30503,48.30,51815810,28723,15,0.11
동아시아/동남아시아,대한민국,일간,2022/10/10,월,24995246,15476,48.24,51815810,28708,10,0.11
동아시아/동남아시아,대한민국,일간,2022/10/09,일,24979770,8981,48.21,51815810,28698,23,0.11
동아시아/동남아시아,대한민국,일간,2022/10/08,토,24970789,17654,48.19,51815810,28675,29,0.11
동아시아/동남아시아,대한민국,일간,2022/10/07,금,24953135,19379,48.16,51815810,28646,32,0.11
동아시아/동남아시아,대한민국,일간,2022/10/06,목,24933756,22259,48.12,51815810,28614,41,0.11
동아시아/동남아시아,대한민국,일간,2022/10/05,수,24911497,28603,48.08,51815810,28573,29,0.11
동아시아/동남아시아,대한민국,일간,2022/10/04,화,24882894,34710,48.02,51815810,28544,16,0.11
동아시아/동남아시아,대한민국,일간,2022/10/03,월,24848184,16423,47.95,51815810,28528,19,0.11
동아시아/동남아시아,대한민국,일간,2022/10/02,일,24831761,12150,47.92,51815810,28509,20,0.11
동아시아/동남아시아,대한민국,일간,2022/10/01,토,24819611,23597,47.90,51815810,28489,44,0.11
동아시아/동남아시아,대한민국,일간,2022/09/30,금,24796014,26913,47.85,51815810,28445,39,0.11
동아시아/동남아시아,대한민국,일간,2022/09/29,목,24769101,28466,47.80,51815810,28406,42,0.11
동아시아/동남아시아,대한민국,일간,2022/09/28,수,24740635,30846,47.75,51815810,28364,46,0.11
동아시아/동남아시아,대한민국,일간,2022/09/27,화,24709789,36126,47.69,51815810,28318,46,0.11
동아시아/동남아시아,대한민국,일간,2022/09/26,월,24673663,39367,47.62,51815810,28272,26,0.11
동아시아/동남아시아,대한민국,일간,2022/09/25,일,24634296,14168,47.54,51815810,28246,33,0.11
동아시아/동남아시아,대한민국,일간,2022/09/24,토,24620128,25792,47.51,51815810,28213,73,0.11
동아시아/동남아시아,대한민국,일간,2022/09/23,금,24594336,29315,47.46,51815810,28140,63,0.11
동아시아/동남아시아,대한민국,일간,2022/09/22,목,24565021,29081,47.41,51815810,28077,68,0.11
동아시아/동남아시아,대한민국,일간,2022/09/21,수,24535940,32972,47.35,51815810,28009,59,0.11
동아시아/동남아시아,대한민국,일간,2022/09/20,화,24502968,41231,47.29,51815810,27950,59,0.11
동아시아/동남아시아,대한민국,일간,2022/09/19,월,24461737,47864,47.21,51815810,27891,24,0.11
동아시아/동남아시아,대한민국,일간,2022/09/18,일,24413873,19407,47.12,51815810,27867,39,0.11
동아시아/동남아시아,대한민국,일간,2022/09/17,토,24394466,34764,47.08,51815810,27828,46,0.11
동아시아/동남아시아,대한민국,일간,2022/09/16,금,24359702,43400,47.01,51815810,27782,57,0.11
동아시아/동남아시아,대한민국,일간,2022/09/15,목,24316302,51832,46.93,51815810,27725,60,0.11
동아시아/동남아시아,대한민국,일간,2022/09/14,수,24264470,71432,46.83,51815810,27665,72,0.11
동아시아/동남아시아,대한민국,일간,2022/09/13,화,24193038,93904,46.69,51815810,27593,60,0.11
동아시아/동남아시아,대한민국,일간,2022/09/12,월,24099134,57309,46.51,51815810,27533,35,0.11
동아시아/동남아시아,대한민국,일간,2022/09/11,일,24041825,36938,46.40,51815810,27498,22,0.11
동아시아/동남아시아,대한민국,일간,2022/09/10,토,24004887,28214,46.33,51815810,27476,47,0.11
동아시아/동남아시아,대한민국,일간,2022/09/09,금,23976673,42724,46.27,51815810,27429,48,0.11
동아시아/동남아시아,대한민국,일간,2022/09/08,목,23933949,69389,46.19,51815810,27381,68,0.11
동아시아/동남아시아,대한민국,일간,2022/09/07,수,23864560,72599,46.06,51815810,27313,64,0.11
동아시아/동남아시아,대한민국,일간,2022/09/06,화,23791961,85484,45.92,51815810,27249,56,0.11
동아시아/동남아시아,대한민국,일간,2022/09/05,월,23706477,99737,45.75,51815810,27193,44,0.11
동아시아/동남아시아,대한민국,일간,2022/09/04,일,23606740,37548,45.56,51815810,27149,56,0.12
동아시아/동남아시아,대한민국,일간,2022/09/03,토,23569192,72144,45.49,51815810,27093,79,0.11
동아시아/동남아시아,대한민국,일간,2022/09/02,금,23497048,79623,45.35,51815810,27014,74,0.11
동아시아/동남아시아,대한민국,일간,2022/09/01,목,23417425,89528,45.19,51815810,26940,64,0.12
동아시아/동남아시아,대한민국,일간,2022/08/31,수,23327897,81499,45.02,51815810,26876,112,0.12
동아시아/동남아시아,대한민국,일간,2022/08/30,화,23246398,103919,44.86,51815810,26764,75,0.12
동아시아/동남아시아,대한민국,일간,2022/08/29,월,23142479,115519,44.66,51815810,26689,71,0.12
동아시아/동남아시아,대한민국,일간,2022/08/28,일,23026960,43142,44.44,51815810,26618,49,0.12
동아시아/동남아시아,대한민국,일간,2022/08/27,토,22983818,85295,44.36,51815810,26569,70,0.12
동아시아/동남아시아,대한민국,일간,2022/08/26,금,22898523,95538,44.19,51815810,26499,86,0.12
동아시아/동남아시아,대한민국,일간,2022/08/25,목,22802985,101064,44.01,51815810,26413,81,0.12
동아시아/동남아시아,대한민국,일간,2022/08/24,수,22701921,113281,43.81,51815810,26332,108,0.12
동아시아/동남아시아,대한민국,일간,2022/08/23,화,22588640,139165,43.59,51815810,26224,63,0.12
동아시아/동남아시아,대한민국,일간,2022/08/22,월,22449475,150098,43.33,51815810,26161,52,0.12
동아시아/동남아시아,대한민국,일간,2022/08/21,일,22299377,59046,43.04,51815810,26109,65,0.12
동아시아/동남아시아,대한민국,일간,2022/08/20,토,22240331,110944,42.92,51815810,26044,64,0.12
동아시아/동남아시아,대한민국,일간,2022/08/19,금,22129387,129350,42.71,51815810,25980,84,0.12
동아시아/동남아시아,대한민국,일간,2022/08/18,목,22000037,138741,42.46,51815810,25896,83,0.12
동아시아/동남아시아,대한민국,일간,2022/08/17,수,21861296,178480,42.19,51815810,25813,61,0.12
동아시아/동남아시아,대한민국,일간,2022/08/16,화,21682816,180652,41.85,51815810,25752,42,0.12
동아시아/동남아시아,대한민국,일간,2022/08/15,월,21502164,84128,41.50,51815810,25710,37,0.12
동아시아/동남아시아,대한민국,일간,2022/08/14,일,21418036,62078,41.33,51815810,25673,50,0.12
동아시아/동남아시아,대한민국,일간,2022/08/13,토,21355958,119603,41.22,51815810,25623,57,0.12
동아시아/동남아시아,대한민국,일간,2022/08/12,금,21236355,124515,40.98,51815810,25566,67,0.12
동아시아/동남아시아,대한민국,일간,2022/08/11,목,21111840,128671,40.74,51815810,25499,58,0.12
동아시아/동남아시아,대한민국,일간,2022/08/10,수,20983169,137196,40.50,51815810,25441,59,0.12
동아시아/동남아시아,대한민국,일간,2022/08/09,화,20845973,151734,40.23,51815810,25382,50,0.12
동아시아/동남아시아,대한민국,일간,2022/08/08,월,20694239,149819,39.94,51815810,25332,40,0.12
동아시아/동남아시아,대한민국,일간,2022/08/07,일,20544420,55292,39.65,51815810,25292,29,0.12
동아시아/동남아시아,대한민국,일간,2022/08/06,토,20489128,105507,39.54,51815810,25263,27,0.12
동아시아/동남아시아,대한민국,일간,2022/08/05,금,20383621,110610,39.34,51815810,25236,45,0.12
동아시아/동남아시아,대한민국,일간,2022/08/04,목,20273011,112857,39.13,51815810,25191,47,0.12
동아시아/동남아시아,대한민국,일간,2022/08/03,수,20160154,107849,38.91,51815810,25144,34,0.12
동아시아/동남아시아,대한민국,일간,2022/08/02,화,20052305,119866,38.70,51815810,25110,26,0.13
동아시아/동남아시아,대한민국,일간,2022/08/01,월,19932439,111700,38.47,51815810,25084,16,0.13
동아시아/동남아시아,대한민국,일간,2022/07/31,일,19820739,44689,38.25,51815810,25068,21,0.13
동아시아/동남아시아,대한민국,일간,2022/07/30,토,19776050,73589,38.17,51815810,25047,20,0.13
동아시아/동남아시아,대한민국,일간,2022/07/29,금,19702461,81944,38.02,51815810,25027,35,0.13
동아시아/동남아시아,대한민국,일간,2022/07/28,목,19620517,85275,37.87,51815810,24992,35,0.13
동아시아/동남아시아,대한민국,일간,2022/07/27,수,19535242,88296,37.70,51815810,24957,25,0.13
동아시아/동남아시아,대한민국,일간,2022/07/26,화,19446946,100182,37.53,51815810,24932,25,0.13
동아시아/동남아시아,대한민국,일간,2022/07/25,월,19346764,99268,37.34,51815810,24907,17,0.13
동아시아/동남아시아,대한민국,일간,2022/07/24,일,19247496,35883,37.15,51815810,24890,17,0.13
동아시아/동남아시아,대한민국,일간,2022/07/23,토,19211613,65433,37.08,51815810,24873,18,0.13
동아시아/동남아시아,대한민국,일간,2022/07/22,금,19146180,68521,36.95,51815810,24855,30,0.13
동아시아/동남아시아,대한민국,일간,2022/07/21,목,19077659,68579,36.82,51815810,24825,31,0.13
동아시아/동남아시아,대한민국,일간,2022/07/20,수,19009080,71109,36.69,51815810,24794,17,0.13
동아시아/동남아시아,대한민국,일간,2022/07/19,화,18937971,76378,36.55,51815810,24777,12,0.13
동아시아/동남아시아,대한민국,일간,2022/07/18,월,18861593,73537,36.40,51815810,24765,12,0.13
동아시아/동남아시아,대한민국,일간,2022/07/17,일,18788056,26299,36.26,51815810,24753,11,0.13
동아시아/동남아시아,대한민국,일간,2022/07/16,토,18761757,40342,36.21,51815810,24742,14,0.13
동아시아/동남아시아,대한민국,일간,2022/07/15,금,18721415,41273,36.13,51815810,24728,16,0.13
동아시아/동남아시아,대한민국,일간,2022/07/14,목,18680142,38864,36.05,51815810,24712,16,0.13
동아시아/동남아시아,대한민국,일간,2022/07/13,수,18641278,39169,35.98,51815810,24696,16,0.13
동아시아/동남아시아,대한민국,일간,2022/07/12,화,18602109,40248,35.90,51815810,24680,12,0.13
동아시아/동남아시아,대한민국,일간,2022/07/11,월,18561861,37323,35.82,51815810,24668,7,0.13
동아시아/동남아시아,대한민국,일간,2022/07/10,일,18524538,12693,35.75,51815810,24661,18,0.13
동아시아/동남아시아,대한민국,일간,2022/07/09,토,18511845,20410,35.73,51815810,24643,19,0.13
동아시아/동남아시아,대한민국,일간,2022/07/08,금,18491435,20263,35.69,51815810,24624,19,0.13
동아시아/동남아시아,대한민국,일간,2022/07/07,목,18471172,19310,35.65,51815810,24605,12,0.13
동아시아/동남아시아,대한민국,일간,2022/07/06,수,18451862,18503,35.61,51815810,24593,10,0.13
동아시아/동남아시아,대한민국,일간,2022/07/05,화,18433359,19362,35.57,51815810,24583,7,0.13
동아시아/동남아시아,대한민국,일간,2022/07/04,월,18413997,18133,35.54,51815810,24576,2,0.13
동아시아/동남아시아,대한민국,일간,2022/07/03,일,18395864,6253,35.50,51815810,24574,4,0.13
동아시아/동남아시아,대한민국,일간,2022/07/02,토,18389611,10059,35.49,51815810,24570,8,0.13
동아시아/동남아시아,대한민국,일간,2022/07/01,금,18379552,10695,35.47,51815810,24562,7,0.13
동아시아/동남아시아,대한민국,일간,2022/06/30,목,18368857,9516,35.45,51815810,24555,8,0.13
동아시아/동남아시아,대한민국,일간,2022/06/29,수,18359341,9585,35.43,51815810,24547,10,0.13
동아시아/동남아시아,대한민국,일간,2022/06/28,화,18349756,10437,35.41,51815810,24537,7,0.13
동아시아/동남아시아,대한민국,일간,2022/06/27,월,18339319,9871,35.39,51815810,24530,5,0.13
동아시아/동남아시아,대한민국,일간,2022/06/26,일,18329448,3429,35.37,51815810,24525,3,0.13
동아시아/동남아시아,대한민국,일간,2022/06/25,토,18326019,6246,35.37,51815810,24522,6,0.13
동아시아/동남아시아,대한민국,일간,2022/06/24,금,18319773,6780,35.36,51815810,24516,18,0.13
동아시아/동남아시아,대한민국,일간,2022/06/23,목,18312993,7210,35.34,51815810,24498,10,0.13
동아시아/동남아시아,대한민국,일간,2022/06/22,수,18305783,7442,35.33,51815810,24488,14,0.13
동아시아/동남아시아,대한민국,일간,2022/06/21,화,18298341,8968,35.31,51815810,24474,11,0.13
동아시아/동남아시아,대한민국,일간,2022/06/20,월,18289373,9283,35.30,51815810,24463,12,0.13
동아시아/동남아시아,대한민국,일간,2022/06/19,일,18280090,3538,35.28,51815810,24451,10,0.13
동아시아/동남아시아,대한민국,일간,2022/06/18,토,18276552,6071,35.27,51815810,24441,14,0.13
동아시아/동남아시아,대한민국,일간,2022/06/17,금,18270481,6838,35.26,51815810,24427,11,0.13
동아시아/동남아시아,대한민국,일간,2022/06/16,목,18263643,7186,35.25,51815810,24416,9,0.13
동아시아/동남아시아,대한민국,일간,2022/06/15,수,18256457,7978,35.23,51815810,24407,8,0.13
동아시아/동남아시아,대한민국,일간,2022/06/14,화,18248479,9423,35.22,51815810,24399,9,0.13
동아시아/동남아시아,대한민국,일간,2022/06/13,월,18239056,9768,35.20,51815810,24390,2,0.13
동아시아/동남아시아,대한민국,일간,2022/06/12,일,18229288,3828,35.18,51815810,24388,17,0.13
동아시아/동남아시아,대한민국,일간,2022/06/11,토,18225460,7382,35.17,51815810,24371,20,0.13
동아시아/동남아시아,대한민국,일간,2022/06/10,금,18218078,8428,35.16,51815810,24351,10,0.13
동아시아/동남아시아,대한민국,일간,2022/06/09,목,18209650,9304,35.14,51815810,24341,18,0.13
동아시아/동남아시아,대한민국,일간,2022/06/08,수,18200346,12146,35.13,51815810,24323,18,0.13
동아시아/동남아시아,대한민국,일간,2022/06/07,화,18188200,13320,35.10,51815810,24305,6,0.13
동아시아/동남아시아,대한민국,일간,2022/06/06,월,18174880,6172,35.08,51815810,24299,20,0.13
동아시아/동남아시아,대한민국,일간,2022/06/05,일,18168708,5022,35.06,51815810,24279,21,0.13
동아시아/동남아시아,대한민국,일간,2022/06/04,토,18163686,9835,35.05,51815810,24258,20,0.13
동아시아/동남아시아,대한민국,일간,2022/06/03,금,18153851,12016,35.04,51815810,24238,9,0.13
동아시아/동남아시아,대한민국,일간,2022/06/02,목,18141835,12522,35.01,51815810,24229,17,0.13
동아시아/동남아시아,대한민국,일간,2022/06/01,수,18129313,9898,34.99,51815810,24212,15,0.13
동아시아/동남아시아,대한민국,일간,2022/05/31,화,18119415,15777,34.97,51815810,24197,21,0.13
동아시아/동남아시아,대한민국,일간,2022/05/30,월,18103638,17176,34.94,51815810,24176,9,0.13
동아시아/동남아시아,대한민국,일간,2022/05/29,일,18086462,6139,34.91,51815810,24167,9,0.13
동아시아/동남아시아,대한민국,일간,2022/05/28,토,18080323,12654,34.89,51815810,24158,19,0.13
동아시아/동남아시아,대한민국,일간,2022/05/27,금,18067669,14382,34.87,51815810,24139,36,0.13
동아시아/동남아시아,대한민국,일간,2022/05/26,목,18053287,16567,34.84,51815810,24103,40,0.13
동아시아/동남아시아,대한민국,일간,2022/05/25,수,18036720,18797,34.81,51815810,24063,34,0.13
동아시아/동남아시아,대한민국,일간,2022/05/24,화,18017923,23938,34.77,51815810,24029,23,0.13
동아시아/동남아시아,대한민국,일간,2022/05/23,월,17993985,26313,34.73,51815810,24006,19,0.13
동아시아/동남아시아,대한민국,일간,2022/05/22,일,17967672,9975,34.68,51815810,23987,22,0.13
동아시아/동남아시아,대한민국,일간,2022/05/21,토,17957697,19298,34.66,51815810,23965,54,0.13
동아시아/동남아시아,대한민국,일간,2022/05/20,금,17938399,23442,34.62,51815810,23911,26,0.13
동아시아/동남아시아,대한민국,일간,2022/05/19,목,17914957,25108,34.57,51815810,23885,43,0.13
동아시아/동남아시아,대한민국,일간,2022/05/18,수,17889849,28105,34.53,51815810,23842,40,0.13
동아시아/동남아시아,대한민국,일간,2022/05/17,화,17861744,31315,34.47,51815810,23802,31,0.13
동아시아/동남아시아,대한민국,일간,2022/05/16,월,17830429,35072,34.41,51815810,23771,27,0.13
동아시아/동남아시아,대한민국,일간,2022/05/15,일,17795357,13296,34.34,51815810,23744,35,0.13
동아시아/동남아시아,대한민국,일간,2022/05/14,토,17782061,25434,34.32,51815810,23709,48,0.13
동아시아/동남아시아,대한민국,일간,2022/05/13,금,17756627,29541,34.27,51815810,23661,55,0.13
동아시아/동남아시아,대한민국,일간,2022/05/12,목,17727086,32409,34.21,51815810,23606,52,0.13
동아시아/동남아시아,대한민국,일간,2022/05/11,수,17694677,35883,34.15,51815810,23554,63,0.13
동아시아/동남아시아,대한민국,일간,2022/05/10,화,17658794,43899,34.08,51815810,23491,29,0.13
동아시아/동남아시아,대한민국,일간,2022/05/09,월,17614895,49896,34.00,51815810,23462,62,0.13
동아시아/동남아시아,대한민국,일간,2022/05/08,일,17564999,20601,33.90,51815810,23400,40,0.13
동아시아/동남아시아,대한민국,일간,2022/05/07,토,17544398,40064,33.86,51815810,23360,71,0.13
동아시아/동남아시아,대한민국,일간,2022/05/06,금,17504334,39552,33.78,51815810,23289,83,0.13
동아시아/동남아시아,대한민국,일간,2022/05/05,목,17464782,26714,33.71,51815810,23206,48,0.13
동아시아/동남아시아,대한민국,일간,2022/05/04,수,17438068,42277,33.65,51815810,23158,79,0.13
동아시아/동남아시아,대한민국,일간,2022/05/03,화,17395791,49038,33.57,51815810,23079,72,0.13
동아시아/동남아시아,대한민국,일간,2022/05/02,월,17346753,51020,33.48,51815810,23007,49,0.13
동아시아/동남아시아,대한민국,일간,2022/05/01,일,17295733,20084,33.38,51815810,22958,83,0.13
동아시아/동남아시아,대한민국,일간,2022/04/30,토,17275649,37771,33.34,51815810,22875,81,0.13
동아시아/동남아시아,대한민국,일간,2022/04/29,금,17237878,43262,33.27,51815810,22794,70,0.13
동아시아/동남아시아,대한민국,일간,2022/04/28,목,17194616,50568,33.18,51815810,22724,136,0.13
동아시아/동남아시아,대한민국,일간,2022/04/27,수,17144048,57422,33.09,51815810,22588,122,0.13
동아시아/동남아시아,대한민국,일간,2022/04/26,화,17086626,76761,32.98,51815810,22466,141,0.13
동아시아/동남아시아,대한민국,일간,2022/04/25,월,17009865,80301,32.83,51815810,22325,82,0.13
동아시아/동남아시아,대한민국,일간,2022/04/24,일,16929564,34370,32.67,51815810,22243,110,0.13
동아시아/동남아시아,대한민국,일간,2022/04/23,토,16895194,64725,32.61,51815810,22133,109,0.13
동아시아/동남아시아,대한민국,일간,2022/04/22,금,16830469,75414,32.48,51815810,22024,151,0.13
동아시아/동남아시아,대한민국,일간,2022/04/21,목,16755055,81010,32.34,51815810,21873,206,0.13
동아시아/동남아시아,대한민국,일간,2022/04/20,수,16674045,90825,32.18,51815810,21667,147,0.13
동아시아/동남아시아,대한민국,일간,2022/04/19,화,16583220,111280,32.00,51815810,21520,166,0.13
동아시아/동남아시아,대한민국,일간,2022/04/18,월,16471940,118445,31.79,51815810,21354,130,0.13
동아시아/동남아시아,대한민국,일간,2022/04/17,일,16353495,47743,31.56,51815810,21224,132,0.13
동아시아/동남아시아,대한민국,일간,2022/04/16,토,16305752,93001,31.47,51815810,21092,203,0.13
동아시아/동남아시아,대한민국,일간,2022/04/15,금,16212751,107882,31.29,51815810,20889,273,0.13
동아시아/동남아시아,대한민국,일간,2022/04/14,목,16104869,125808,31.08,51815810,20616,264,0.13
동아시아/동남아시아,대한민국,일간,2022/04/13,수,15979061,148417,30.84,51815810,20352,318,0.13
동아시아/동남아시아,대한민국,일간,2022/04/12,화,15830644,195370,30.55,51815810,20034,184,0.13
동아시아/동남아시아,대한민국,일간,2022/04/11,월,15635274,210676,30.17,51815810,19850,171,0.13
동아시아/동남아시아,대한민국,일간,2022/04/10,일,15424598,90928,29.77,51815810,19679,258,0.13
동아시아/동남아시아,대한민국,일간,2022/04/09,토,15333670,164481,29.59,51815810,19421,329,0.13
동아시아/동남아시아,대한민국,일간,2022/04/08,금,15169189,185495,29.28,51815810,19092,338,0.13
동아시아/동남아시아,대한민국,일간,2022/04/07,목,14983694,205289,28.92,51815810,18754,373,0.13
동아시아/동남아시아,대한민국,일간,2022/04/06,수,14778405,224761,28.52,51815810,18381,348,0.12
동아시아/동남아시아,대한민국,일간,2022/04/05,화,14553644,286243,28.09,51815810,18033,371,0.12
동아시아/동남아시아,대한민국,일간,2022/04/04,월,14267401,265995,27.53,51815810,17662,209,0.12
동아시아/동남아시아,대한민국,일간,2022/04/03,일,14001406,127190,27.02,51815810,17453,218,0.12
동아시아/동남아시아,대한민국,일간,2022/04/02,토,13874216,234301,26.78,51815810,17235,306,0.12
동아시아/동남아시아,대한민국,일간,2022/04/01,금,13639915,264097,26.32,51815810,16929,339,0.12
동아시아/동남아시아,대한민국,일간,2022/03/31,목,13375818,280187,25.81,51815810,16590,360,0.12
동아시아/동남아시아,대한민국,일간,2022/03/30,수,13095631,320675,25.27,51815810,16230,375,0.12
동아시아/동남아시아,대한민국,일간,2022/03/29,화,12774956,424528,24.65,51815810,15855,432,0.12
동아시아/동남아시아,대한민국,일간,2022/03/28,월,12350428,347374,23.84,51815810,15423,237,0.12
동아시아/동남아시아,대한민국,일간,2022/03/27,일,12003054,187213,23.16,51815810,15186,287,0.13
동아시아/동남아시아,대한민국,일간,2022/03/26,토,11815841,318130,22.80,51815810,14899,282,0.13
동아시아/동남아시아,대한민국,일간,2022/03/25,금,11497711,335479,22.19,51815810,14617,323,0.13
동아시아/동남아시아,대한민국,일간,2022/03/24,목,11162232,339396,21.54,51815810,14294,392,0.13
동아시아/동남아시아,대한민국,일간,2022/03/23,수,10822836,395589,20.89,51815810,13902,470,0.13
동아시아/동남아시아,대한민국,일간,2022/03/22,화,10427247,490707,20.12,51815810,13432,291,0.13
동아시아/동남아시아,대한민국,일간,2022/03/21,월,9936540,353725,19.18,51815810,13141,384,0.13
동아시아/동남아시아,대한민국,일간,2022/03/20,일,9582815,209169,18.49,51815810,12757,329,0.13
동아시아/동남아시아,대한민국,일간,2022/03/19,토,9373646,334708,18.09,51815810,12428,327,0.13
동아시아/동남아시아,대한민국,일간,2022/03/18,금,9038938,381329,17.44,51815810,12101,319,0.13
동아시아/동남아시아,대한민국,일간,2022/03/17,목,8657609,407017,16.71,51815810,11782,301,0.14
동아시아/동남아시아,대한민국,일간,2022/03/16,수,8250592,621317,15.92,51815810,11481,429,0.14
동아시아/동남아시아,대한민국,일간,2022/03/15,화,7629275,400725,14.72,51815810,11052,164,0.14
동아시아/동남아시아,대한민국,일간,2022/03/14,월,7228550,362328,13.95,51815810,10888,293,0.15
동아시아/동남아시아,대한민국,일간,2022/03/13,일,6866222,309769,13.25,51815810,10595,200,0.15
동아시아/동남아시아,대한민국,일간,2022/03/12,토,6556453,350176,12.65,51815810,10395,251,0.16
동아시아/동남아시아,대한민국,일간,2022/03/11,금,6206277,383651,11.98,51815810,10144,269,0.16
동아시아/동남아시아,대한민국,일간,2022/03/10,목,5822626,282976,11.24,51815810,9875,229,0.17
동아시아/동남아시아,대한민국,일간,2022/03/09,수,5539650,327532,10.69,51815810,9646,206,0.17
동아시아/동남아시아,대한민국,일간,2022/03/08,화,5212118,342427,10.06,51815810,9440,158,0.18
동아시아/동남아시아,대한민국,일간,2022/03/07,월,4869691,202714,9.40,51815810,9282,186,0.19
동아시아/동남아시아,대한민국,일간,2022/03/06,일,4666977,210713,9.01,51815810,9096,139,0.19
동아시아/동남아시아,대한민국,일간,2022/03/05,토,4456264,243612,8.60,51815810,8957,161,0.20
동아시아/동남아시아,대한민국,일간,2022/03/04,금,4212652,254326,8.13,51815810,8796,216,0.21
동아시아/동남아시아,대한민국,일간,2022/03/03,목,3958326,266838,7.64,51815810,8580,186,0.22
동아시아/동남아시아,대한민국,일간,2022/03/02,수,3691488,198802,7.12,51815810,8394,128,0.23
동아시아/동남아시아,대한민국,일간,2022/03/01,화,3492686,219237,6.74,51815810,8266,96,0.24
동아시아/동남아시아,대한민국,일간,2022/02/28,월,3273449,138993,6.32,51815810,8170,112,0.25
동아시아/동남아시아,대한민국,일간,2022/02/27,일,3134456,139615,6.05,51815810,8058,114,0.26
동아시아/동남아시아,대한민국,일간,2022/02/26,토,2994841,163558,5.78,51815810,7944,49,0.27
동아시아/동남아시아,대한민국,일간,2022/02/25,금,2831283,166206,5.46,51815810,7895,112,0.28
동아시아/동남아시아,대한민국,일간,2022/02/24,목,2665077,165889,5.14,51815810,7783,94,0.29
동아시아/동남아시아,대한민국,일간,2022/02/23,수,2499188,170006,4.82,51815810,7689,82,0.31
동아시아/동남아시아,대한민국,일간,2022/02/22,화,2329182,171448,4.50,51815810,7607,99,0.33
동아시아/동남아시아,대한민국,일간,2022/02/21,월,2157734,99550,4.16,51815810,7508,58,0.35
동아시아/동남아시아,대한민국,일간,2022/02/20,일,2058184,95347,3.97,51815810,7450,45,0.36
동아시아/동남아시아,대한민국,일간,2022/02/19,토,1962837,104828,3.79,51815810,7405,51,0.38
동아시아/동남아시아,대한민국,일간,2022/02/18,금,1858009,102203,3.59,51815810,7354,71,0.40
동아시아/동남아시아,대한민국,일간,2022/02/17,목,1755806,109828,3.39,51815810,7283,45,0.41
동아시아/동남아시아,대한민국,일간,2022/02/16,수,1645978,93127,3.18,51815810,7238,36,0.44
동아시아/동남아시아,대한민국,일간,2022/02/15,화,1552851,90430,3.00,51815810,7202,39,0.46
동아시아/동남아시아,대한민국,일간,2022/02/14,월,1462421,57175,2.82,51815810,7163,61,0.49
동아시아/동남아시아,대한민국,일간,2022/02/13,일,1405246,54616,2.71,51815810,7102,21,0.51
동아시아/동남아시아,대한민국,일간,2022/02/12,토,1350630,56425,2.61,51815810,7081,36,0.52
동아시아/동남아시아,대한민국,일간,2022/02/11,금,1294205,54918,2.50,51815810,7045,33,0.54
동아시아/동남아시아,대한민국,일간,2022/02/10,목,1239287,53926,2.39,51815810,7012,49,0.57
동아시아/동남아시아,대한민국,일간,2022/02/09,수,1185361,54122,2.29,51815810,6963,20,0.59
동아시아/동남아시아,대한민국,일간,2022/02/08,화,1131239,49558,2.18,51815810,6943,21,0.61
동아시아/동남아시아,대한민국,일간,2022/02/07,월,1081681,36718,2.09,51815810,6922,36,0.64
동아시아/동남아시아,대한민국,일간,2022/02/06,일,1044963,35275,2.02,51815810,6886,13,0.66
동아시아/동남아시아,대한민국,일간,2022/02/05,토,1009688,38670,1.95,51815810,6873,15,0.68
동아시아/동남아시아,대한민국,일간,2022/02/04,금,971018,36362,1.87,51815810,6858,22,0.71
동아시아/동남아시아,대한민국,일간,2022/02/03,목,934656,27442,1.80,51815810,6836,24,0.73
동아시아/동남아시아,대한민국,일간,2022/02/02,수,907214,22904,1.75,51815810,6812,25,0.75
동아시아/동남아시아,대한민국,일간,2022/02/01,화,884310,20268,1.71,51815810,6787,15,0.77
동아시아/동남아시아,대한민국,일간,2022/01/31,월,864042,18333,1.67,51815810,6772,17,0.78
동아시아/동남아시아,대한민국,일간,2022/01/30,일,845709,17072,1.63,51815810,6755,23,0.80
동아시아/동남아시아,대한민국,일간,2022/01/29,토,828637,17515,1.60,51815810,6732,20,0.81
동아시아/동남아시아,대한민국,일간,2022/01/28,금,811122,17540,1.57,51815810,6712,34,0.83
동아시아/동남아시아,대한민국,일간,2022/01/27,목,793582,16085,1.53,51815810,6678,24,0.84
동아시아/동남아시아,대한민국,일간,2022/01/26,수,777497,14514,1.50,51815810,6654,34,0.86
동아시아/동남아시아,대한민국,일간,2022/01/25,화,762983,13004,1.47,51815810,6620,32,0.87
동아시아/동남아시아,대한민국,일간,2022/01/24,월,749979,8566,1.45,51815810,6588,23,0.88
동아시아/동남아시아,대한민국,일간,2022/01/23,일,741413,7511,1.43,51815810,6565,25,0.89
동아시아/동남아시아,대한민국,일간,2022/01/22,토,733902,7628,1.42,51815810,6540,11,0.89
동아시아/동남아시아,대한민국,일간,2022/01/21,금,726274,7005,1.40,51815810,6529,28,0.90
동아시아/동남아시아,대한민국,일간,2022/01/20,목,719269,6766,1.39,51815810,6501,21,0.90
동아시아/동남아시아,대한민국,일간,2022/01/19,수,712503,6601,1.38,51815810,6480,28,0.91
동아시아/동남아시아,대한민국,일간,2022/01/18,화,705902,5800,1.36,51815810,6452,74,0.91
동아시아/동남아시아,대한민국,일간,2022/01/17,월,700102,4070,1.35,51815810,6378,45,0.91
동아시아/동남아시아,대한민국,일간,2022/01/16,일,696032,3858,1.34,51815810,6333,23,0.91
동아시아/동남아시아,대한민국,일간,2022/01/15,토,692174,4190,1.34,51815810,6310,29,0.91
동아시아/동남아시아,대한민국,일간,2022/01/14,금,687984,4418,1.33,51815810,6281,22,0.91
동아시아/동남아시아,대한민국,일간,2022/01/13,목,683566,4536,1.32,51815810,6259,49,0.92
동아시아/동남아시아,대한민국,일간,2022/01/12,수,679030,4162,1.31,51815810,6210,44,0.91
동아시아/동남아시아,대한민국,일간,2022/01/11,화,674868,4385,1.30,51815810,6166,52,0.91
동아시아/동남아시아,대한민국,일간,2022/01/10,월,670483,3093,1.29,51815810,6114,43,0.91
동아시아/동남아시아,대한민국,일간,2022/01/09,일,667390,2999,1.29,51815810,6071,34,0.91
동아시아/동남아시아,대한민국,일간,2022/01/08,토,664391,3376,1.28,51815810,6037,51,0.91
동아시아/동남아시아,대한민국,일간,2022/01/07,금,661015,3507,1.28,51815810,5986,54,0.91
동아시아/동남아시아,대한민국,일간,2022/01/06,목,657508,3716,1.27,51815810,5932,45,0.90
동아시아/동남아시아,대한민국,일간,2022/01/05,수,653792,4123,1.26,51815810,5887,49,0.90
동아시아/동남아시아,대한민국,일간,2022/01/04,화,649669,4443,1.25,51815810,5838,57,0.90
동아시아/동남아시아,대한민국,일간,2022/01/03,월,645226,3019,1.25,51815810,5781,51,0.90
동아시아/동남아시아,대한민국,일간,2022/01/02,일,642207,3124,1.24,51815810,5730,36,0.89
동아시아/동남아시아,대한민국,일간,2022/01/01,토,639083,3830,1.23,51815810,5694,69,0.89
동아시아/동남아시아,대한민국,일간,2021/12/31,금,635253,4415,1.23,51830139,5625,62,0.89
동아시아/동남아시아,대한민국,일간,2021/12/30,목,630838,4871,1.22,51830139,5563,108,0.88
동아시아/동남아시아,대한민국,일간,2021/12/29,수,625967,5029,1.21,51830139,5455,73,0.87
동아시아/동남아시아,대한민국,일간,2021/12/28,화,620938,5406,1.20,51830139,5382,36,0.87
동아시아/동남아시아,대한민국,일간,2021/12/27,월,615532,3862,1.19,51830139,5346,46,0.87
동아시아/동남아시아,대한민국,일간,2021/12/26,일,611670,4207,1.18,51830139,5300,55,0.87
동아시아/동남아시아,대한민국,일간,2021/12/25,토,607463,5418,1.17,51830139,5245,69,0.86
동아시아/동남아시아,대한민국,일간,2021/12/24,금,602045,5836,1.16,51830139,5176,105,0.86
동아시아/동남아시아,대한민국,일간,2021/12/23,목,596209,6231,1.15,51830139,5071,56,0.85
동아시아/동남아시아,대한민국,일간,2021/12/22,수,589978,6913,1.14,51830139,5015,109,0.85
동아시아/동남아시아,대한민국,일간,2021/12/21,화,583065,7450,1.12,51830139,4906,78,0.84
동아시아/동남아시아,대한민국,일간,2021/12/20,월,575615,5201,1.11,51830139,4828,52,0.84
동아시아/동남아시아,대한민국,일간,2021/12/19,일,570414,5316,1.10,51830139,4776,54,0.84
동아시아/동남아시아,대한민국,일간,2021/12/18,토,565098,6234,1.09,51830139,4722,78,0.84
동아시아/동남아시아,대한민국,일간,2021/12/17,금,558864,7313,1.08,51830139,4644,53,0.83
동아시아/동남아시아,대한민국,일간,2021/12/16,목,551551,7434,1.06,51830139,4591,73,0.83
동아시아/동남아시아,대한민국,일간,2021/12/15,수,544117,7622,1.05,51830139,4518,62,0.83
동아시아/동남아시아,대한민국,일간,2021/12/14,화,536495,7843,1.04,51830139,4456,69,0.83
동아시아/동남아시아,대한민국,일간,2021/12/13,월,528652,5564,1.02,51830139,4387,94,0.83
동아시아/동남아시아,대한민국,일간,2021/12/12,일,523088,5817,1.01,51830139,4293,40,0.82
동아시아/동남아시아,대한민국,일간,2021/12/11,토,517271,6688,1.00,51830139,4253,43,0.82
동아시아/동남아시아,대한민국,일간,2021/12/10,금,510583,6977,0.99,51830139,4210,80,0.82
동아시아/동남아시아,대한민국,일간,2021/12/09,목,503606,7022,0.97,51830139,4130,53,0.82
동아시아/동남아시아,대한민국,일간,2021/12/08,수,496584,7100,0.96,51830139,4077,57,0.82
동아시아/동남아시아,대한민국,일간,2021/12/07,화,489484,7174,0.94,51830139,4020,63,0.82
동아시아/동남아시아,대한민국,일간,2021/12/06,월,482310,4952,0.93,51830139,3957,64,0.82
동아시아/동남아시아,대한민국,일간,2021/12/05,일,477358,4324,0.92,51830139,3893,41,0.82
동아시아/동남아시아,대한민국,일간,2021/12/04,토,473034,5127,0.91,51830139,3852,43,0.81
동아시아/동남아시아,대한민국,일간,2021/12/03,금,467907,5352,0.90,51830139,3809,70,0.81
동아시아/동남아시아,대한민국,일간,2021/12/02,목,462555,4943,0.89,51830139,3739,34,0.81
동아시아/동남아시아,대한민국,일간,2021/12/01,수,457612,5262,0.88,51830139,3705,46,0.81
동아시아/동남아시아,대한민국,일간,2021/11/30,화,452350,5120,0.87,51830139,3659,35,0.81
동아시아/동남아시아,대한민국,일간,2021/11/29,월,447230,3030,0.86,51830139,3624,44,0.81
동아시아/동남아시아,대한민국,일간,2021/11/28,일,444200,3304,0.86,51830139,3580,32,0.81
동아시아/동남아시아,대한민국,일간,2021/11/27,토,440896,3928,0.85,51830139,3548,56,0.80
동아시아/동남아시아,대한민국,일간,2021/11/26,금,436968,4067,0.84,51830139,3492,52,0.80
동아시아/동남아시아,대한민국,일간,2021/11/25,목,432901,3899,0.84,51830139,3440,39,0.79
동아시아/동남아시아,대한민국,일간,2021/11/24,수,429002,3937,0.83,51830139,3401,38,0.79
동아시아/동남아시아,대한민국,일간,2021/11/23,화,425065,4115,0.82,51830139,3363,35,0.79
동아시아/동남아시아,대한민국,일간,2021/11/22,월,420950,2698,0.81,51830139,3328,30,0.79
동아시아/동남아시아,대한민국,일간,2021/11/21,일,418252,2827,0.81,51830139,3298,24,0.79
동아시아/동남아시아,대한민국,일간,2021/11/20,토,415425,3114,0.80,51830139,3274,30,0.79
동아시아/동남아시아,대한민국,일간,2021/11/19,금,412311,3212,0.80,51830139,3244,29,0.79
동아시아/동남아시아,대한민국,일간,2021/11/18,목,409099,3034,0.79,51830139,3215,28,0.79
동아시아/동남아시아,대한민국,일간,2021/11/17,수,406065,3290,0.78,51830139,3187,29,0.78
동아시아/동남아시아,대한민국,일간,2021/11/16,화,402775,3184,0.78,51830139,3158,21,0.78
동아시아/동남아시아,대한민국,일간,2021/11/15,월,399591,2125,0.77,51830139,3137,22,0.79
동아시아/동남아시아,대한민국,일간,2021/11/14,일,397466,2006,0.77,51830139,3115,12,0.78
동아시아/동남아시아,대한민국,일간,2021/11/13,토,395460,2418,0.76,51830139,3103,20,0.78
동아시아/동남아시아,대한민국,일간,2021/11/12,금,393042,2323,0.76,51830139,3083,32,0.78
동아시아/동남아시아,대한민국,일간,2021/11/11,목,390719,2368,0.75,51830139,3051,18,0.78
동아시아/동남아시아,대한민국,일간,2021/11/10,수,388351,2520,0.75,51830139,3033,21,0.78
동아시아/동남아시아,대한민국,일간,2021/11/09,화,385831,2424,0.74,51830139,3012,14,0.78
동아시아/동남아시아,대한민국,일간,2021/11/08,월,383407,1713,0.74,51830139,2998,18,0.78
동아시아/동남아시아,대한민국,일간,2021/11/07,일,381694,1759,0.74,51830139,2980,13,0.78
동아시아/동남아시아,대한민국,일간,2021/11/06,토,379935,2223,0.73,51830139,2967,11,0.78
동아시아/동남아시아,대한민국,일간,2021/11/05,금,377712,2248,0.73,51830139,2956,20,0.78
동아시아/동남아시아,대한민국,일간,2021/11/04,목,375464,2344,0.72,51830139,2936,20,0.78
동아시아/동남아시아,대한민국,일간,2021/11/03,수,373120,2480,0.72,51830139,2916,24,0.78
동아시아/동남아시아,대한민국,일간,2021/11/02,화,370640,2666,0.72,51830139,2892,18,0.78
동아시아/동남아시아,대한민국,일간,2021/11/01,월,367974,1588,0.71,51830139,2874,16,0.78
동아시아/동남아시아,대한민국,일간,2021/10/31,일,366386,1686,0.71,51830139,2858,9,0.78
동아시아/동남아시아,대한민국,일간,2021/10/30,토,364700,2061,0.70,51830139,2849,19,0.78
동아시아/동남아시아,대한민국,일간,2021/10/29,금,362639,2103,0.70,51830139,2830,13,0.78
동아시아/동남아시아,대한민국,일간,2021/10/28,목,360536,2124,0.70,51830139,2817,9,0.78
동아시아/동남아시아,대한민국,일간,2021/10/27,수,358412,2107,0.69,51830139,2808,11,0.78
동아시아/동남아시아,대한민국,일간,2021/10/26,화,356305,1950,0.69,51830139,2797,9,0.79
동아시아/동남아시아,대한민국,일간,2021/10/25,월,354355,1266,0.68,51830139,2788,15,0.79
동아시아/동남아시아,대한민국,일간,2021/10/24,일,353089,1190,0.68,51830139,2773,7,0.79
동아시아/동남아시아,대한민국,일간,2021/10/23,토,351899,1423,0.68,51830139,2766,21,0.79
동아시아/동남아시아,대한민국,일간,2021/10/22,금,350476,1507,0.68,51830139,2745,20,0.78
동아시아/동남아시아,대한민국,일간,2021/10/21,목,348969,1440,0.67,51830139,2725,16,0.78
동아시아/동남아시아,대한민국,일간,2021/10/20,수,347529,1441,0.67,51830139,2709,11,0.78
동아시아/동남아시아,대한민국,일간,2021/10/19,화,346088,1570,0.67,51830139,2698,9,0.78
동아시아/동남아시아,대한민국,일간,2021/10/18,월,344518,1073,0.66,51830139,2689,21,0.78
동아시아/동남아시아,대한민국,일간,2021/10/17,일,343445,1049,0.66,51830139,2668,8,0.78
동아시아/동남아시아,대한민국,일간,2021/10/16,토,342396,1418,0.66,51830139,2660,16,0.78
동아시아/동남아시아,대한민국,일간,2021/10/15,금,340978,1617,0.66,51830139,2644,18,0.78
동아시아/동남아시아,대한민국,일간,2021/10/14,목,339361,1682,0.65,51830139,2626,8,0.77
동아시아/동남아시아,대한민국,일간,2021/10/13,수,337679,1937,0.65,51830139,2618,13,0.78
동아시아/동남아시아,대한민국,일간,2021/10/12,화,335742,1579,0.65,51830139,2605,11,0.78
동아시아/동남아시아,대한민국,일간,2021/10/11,월,334163,1347,0.64,51830139,2594,11,0.78
동아시아/동남아시아,대한민국,일간,2021/10/10,일,332816,1297,0.64,51830139,2583,8,0.78
동아시아/동남아시아,대한민국,일간,2021/10/09,토,331519,1594,0.64,51830139,2575,15,0.78
동아시아/동남아시아,대한민국,일간,2021/10/08,금,329925,1949,0.64,51830139,2560,6,0.78
동아시아/동남아시아,대한민국,일간,2021/10/07,목,327976,2172,0.63,51830139,2554,10,0.78
동아시아/동남아시아,대한민국,일간,2021/10/06,수,325804,2425,0.63,51830139,2544,8,0.78
동아시아/동남아시아,대한민국,일간,2021/10/05,화,323379,2027,0.62,51830139,2536,12,0.78
동아시아/동남아시아,대한민국,일간,2021/10/04,월,321352,1575,0.62,51830139,2524,11,0.79
동아시아/동남아시아,대한민국,일간,2021/10/03,일,319777,1672,0.62,51830139,2513,6,0.79
동아시아/동남아시아,대한민국,일간,2021/10/02,토,318105,2085,0.61,51830139,2507,3,0.79
동아시아/동남아시아,대한민국,일간,2021/10/01,금,316020,2247,0.61,51830139,2504,7,0.79
동아시아/동남아시아,대한민국,일간,2021/09/30,목,313773,2484,0.61,51830139,2497,16,0.80
동아시아/동남아시아,대한민국,일간,2021/09/29,수,311289,2564,0.60,51830139,2481,7,0.80
동아시아/동남아시아,대한민국,일간,2021/09/28,화,308725,2883,0.60,51830139,2474,10,0.80
동아시아/동남아시아,대한민국,일간,2021/09/27,월,305842,2289,0.59,51830139,2464,8,0.81
동아시아/동남아시아,대한민국,일간,2021/09/26,일,303553,2381,0.59,51830139,2456,6,0.81
동아시아/동남아시아,대한민국,일간,2021/09/25,토,301172,2770,0.58,51830139,2450,9,0.81
동아시아/동남아시아,대한민국,일간,2021/09/24,금,298402,3270,0.58,51830139,2441,7,0.82
동아시아/동남아시아,대한민국,일간,2021/09/23,목,295132,2433,0.57,51830139,2434,7,0.82
동아시아/동남아시아,대한민국,일간,2021/09/22,수,292699,1716,0.56,51830139,2427,8,0.83
동아시아/동남아시아,대한민국,일간,2021/09/21,화,290983,1720,0.56,51830139,2419,6,0.83
동아시아/동남아시아,대한민국,일간,2021/09/20,월,289263,1727,0.56,51830139,2413,4,0.83
동아시아/동남아시아,대한민국,일간,2021/09/19,일,287536,1605,0.55,51830139,2409,5,0.84
동아시아/동남아시아,대한민국,일간,2021/09/18,토,285931,1909,0.55,51830139,2404,10,0.84
동아시아/동남아시아,대한민국,일간,2021/09/17,금,284022,2084,0.55,51830139,2394,5,0.84
동아시아/동남아시아,대한민국,일간,2021/09/16,목,281938,2008,0.54,51830139,2389,3,0.85
동아시아/동남아시아,대한민국,일간,2021/09/15,수,279930,1941,0.54,51830139,2386,6,0.85
동아시아/동남아시아,대한민국,일간,2021/09/14,화,277989,2079,0.54,51830139,2380,13,0.86
동아시아/동남아시아,대한민국,일간,2021/09/13,월,275910,1495,0.53,51830139,2367,7,0.86
동아시아/동남아시아,대한민국,일간,2021/09/12,일,274415,1433,0.53,51830139,2360,1,0.86
동아시아/동남아시아,대한민국,일간,2021/09/11,토,272982,1755,0.53,51830139,2359,1,0.86
동아시아/동남아시아,대한민국,일간,2021/09/10,금,271227,1865,0.52,51830139,2358,10,0.87
동아시아/동남아시아,대한민국,일간,2021/09/09,목,269362,1892,0.52,51830139,2348,5,0.87
동아시아/동남아시아,대한민국,일간,2021/09/08,수,267470,2047,0.52,51830139,2343,9,0.88
동아시아/동남아시아,대한민국,일간,2021/09/07,화,265423,2049,0.51,51830139,2334,4,0.88
동아시아/동남아시아,대한민국,일간,2021/09/06,월,263374,1596,0.51,51830139,2330,3,0.88
동아시아/동남아시아,대한민국,일간,2021/09/05,일,261778,1374,0.51,51830139,2327,6,0.89
동아시아/동남아시아,대한민국,일간,2021/09/04,토,260404,1491,0.50,51830139,2321,6,0.89
동아시아/동남아시아,대한민국,일간,2021/09/03,금,258913,1803,0.50,51830139,2315,7,0.89
동아시아/동남아시아,대한민국,일간,2021/09/02,목,257110,1709,0.50,51830139,2308,5,0.90
동아시아/동남아시아,대한민국,일간,2021/09/01,수,255401,1956,0.49,51830139,2303,11,0.90
동아시아/동남아시아,대한민국,일간,2021/08/31,화,253445,2024,0.49,51830139,2292,7,0.90
동아시아/동남아시아,대한민국,일간,2021/08/30,월,251421,1370,0.49,51830139,2285,1,0.91
동아시아/동남아시아,대한민국,일간,2021/08/29,일,250051,1483,0.48,51830139,2284,5,0.91
동아시아/동남아시아,대한민국,일간,2021/08/28,토,248568,1617,0.48,51830139,2279,3,0.92
동아시아/동남아시아,대한민국,일간,2021/08/27,금,246951,1793,0.48,51830139,2276,11,0.92
동아시아/동남아시아,대한민국,일간,2021/08/26,목,245158,1841,0.47,51830139,2265,8,0.92
동아시아/동남아시아,대한민국,일간,2021/08/25,수,243317,1878,0.47,51830139,2257,20,0.93
동아시아/동남아시아,대한민국,일간,2021/08/24,화,241439,2152,0.47,51830139,2237,9,0.93
동아시아/동남아시아,대한민국,일간,2021/08/23,월,239287,1505,0.46,51830139,2228,6,0.93
동아시아/동남아시아,대한민국,일간,2021/08/22,일,237782,1416,0.46,51830139,2222,7,0.93
동아시아/동남아시아,대한민국,일간,2021/08/21,토,236366,1627,0.46,51830139,2215,13,0.94
동아시아/동남아시아,대한민국,일간,2021/08/20,금,234739,1880,0.45,51830139,2202,5,0.94
동아시아/동남아시아,대한민국,일간,2021/08/19,목,232859,2051,0.45,51830139,2197,6,0.94
동아시아/동남아시아,대한민국,일간,2021/08/18,수,230808,2151,0.45,51830139,2191,13,0.95
동아시아/동남아시아,대한민국,일간,2021/08/17,화,228657,1803,0.44,51830139,2178,5,0.95
동아시아/동남아시아,대한민국,일간,2021/08/16,월,226854,1373,0.44,51830139,2173,6,0.96
동아시아/동남아시아,대한민국,일간,2021/08/15,일,225481,1553,0.44,51830139,2167,11,0.96
동아시아/동남아시아,대한민국,일간,2021/08/14,토,223928,1817,0.43,51830139,2156,8,0.96
동아시아/동남아시아,대한민국,일간,2021/08/13,금,222111,1929,0.43,51830139,2148,4,0.97
동아시아/동남아시아,대한민국,일간,2021/08/12,목,220182,1990,0.42,51830139,2144,6,0.97
동아시아/동남아시아,대한민국,일간,2021/08/11,수,218192,1986,0.42,51830139,2138,3,0.98
동아시아/동남아시아,대한민국,일간,2021/08/10,화,216206,2219,0.42,51830139,2135,1,0.99
동아시아/동남아시아,대한민국,일간,2021/08/09,월,213987,1539,0.41,51830139,2134,9,1.00
동아시아/동남아시아,대한민국,일간,2021/08/08,일,212448,1492,0.41,51830139,2125,4,1.00
동아시아/동남아시아,대한민국,일간,2021/08/07,토,210956,1728,0.41,51830139,2121,5,1.01
동아시아/동남아시아,대한민국,일간,2021/08/06,금,209228,1822,0.40,51830139,2116,3,1.01
동아시아/동남아시아,대한민국,일간,2021/08/05,목,207406,1704,0.40,51830139,2113,4,1.02
동아시아/동남아시아,대한민국,일간,2021/08/04,수,205702,1776,0.40,51830139,2109,3,1.03
동아시아/동남아시아,대한민국,일간,2021/08/03,화,203926,1723,0.39,51830139,2106,2,1.03
동아시아/동남아시아,대한민국,일간,2021/08/02,월,202203,1201,0.39,51830139,2104,5,1.04
동아시아/동남아시아,대한민국,일간,2021/08/01,일,201002,1215,0.39,51830139,2099,1,1.04
동아시아/동남아시아,대한민국,일간,2021/07/31,토,199787,1442,0.39,51830139,2098,3,1.05
동아시아/동남아시아,대한민국,일간,2021/07/30,금,198345,1539,0.38,51830139,2095,6,1.06
동아시아/동남아시아,대한민국,일간,2021/07/29,목,196806,1707,0.38,51830139,2089,4,1.06
동아시아/동남아시아,대한민국,일간,2021/07/28,수,195099,1672,0.38,51830139,2085,2,1.07
동아시아/동남아시아,대한민국,일간,2021/07/27,화,193427,1896,0.37,51830139,2083,4,1.08
동아시아/동남아시아,대한민국,일간,2021/07/26,월,191531,1365,0.37,51830139,2079,2,1.09
동아시아/동남아시아,대한민국,일간,2021/07/25,일,190166,1318,0.37,51830139,2077,4,1.09
동아시아/동남아시아,대한민국,일간,2021/07/24,토,188848,1486,0.36,51830139,2073,5,1.10
동아시아/동남아시아,대한민국,일간,2021/07/23,금,187362,1629,0.36,51830139,2068,2,1.10
동아시아/동남아시아,대한민국,일간,2021/07/22,목,185733,1630,0.36,51830139,2066,3,1.11
동아시아/동남아시아,대한민국,일간,2021/07/21,수,184103,1838,0.36,51830139,2063,3,1.12
동아시아/동남아시아,대한민국,일간,2021/07/20,화,182265,1784,0.35,51830139,2060,1,1.13
동아시아/동남아시아,대한민국,일간,2021/07/19,월,180481,1278,0.35,51830139,2059,1,1.14
동아시아/동남아시아,대한민국,일간,2021/07/18,일,179203,1252,0.35,51830139,2058,1,1.15
동아시아/동남아시아,대한민국,일간,2021/07/17,토,177951,1451,0.34,51830139,2057,2,1.16
동아시아/동남아시아,대한민국,일간,2021/07/16,금,176500,1454,0.34,51830139,2055,4,1.16
동아시아/동남아시아,대한민국,일간,2021/07/15,목,175046,1535,0.34,51830139,2051,1,1.17
동아시아/동남아시아,대한민국,일간,2021/07/14,수,173511,1600,0.33,51830139,2050,2,1.18
동아시아/동남아시아,대한민국,일간,2021/07/13,화,171911,1615,0.33,51830139,2048,2,1.19
동아시아/동남아시아,대한민국,일간,2021/07/12,월,170296,1150,0.33,51830139,2046,2,1.20
동아시아/동남아시아,대한민국,일간,2021/07/11,일,169146,1100,0.33,51830139,2044,1,1.21
동아시아/동남아시아,대한민국,일간,2021/07/10,토,168046,1324,0.32,51830139,2043,5,1.22
동아시아/동남아시아,대한민국,일간,2021/07/09,금,166722,1378,0.32,51830139,2038,2,1.22
동아시아/동남아시아,대한민국,일간,2021/07/08,목,165344,1316,0.32,51830139,2036,2,1.23
동아시아/동남아시아,대한민국,일간,2021/07/07,수,164028,1275,0.32,51830139,2034,1,1.24
동아시아/동남아시아,대한민국,일간,2021/07/06,화,162753,1212,0.31,51830139,2033,1,1.25
동아시아/동남아시아,대한민국,일간,2021/07/05,월,161541,746,0.31,51830139,2032,4,1.26
동아시아/동남아시아,대한민국,일간,2021/07/04,일,160795,711,0.31,51830139,2028,2,1.26
동아시아/동남아시아,대한민국,일간,2021/07/03,토,160084,742,0.31,51830139,2026,1,1.27
동아시아/동남아시아,대한민국,일간,2021/07/02,금,159342,793,0.31,51830139,2025,1,1.27
동아시아/동남아시아,대한민국,일간,2021/07/01,목,158549,826,0.31,51830139,2024,3,1.28
동아시아/동남아시아,대한민국,일간,2021/06/30,수,157723,762,0.30,51830139,2021,3,1.28
동아시아/동남아시아,대한민국,일간,2021/06/29,화,156961,794,0.30,51830139,2018,1,1.29
동아시아/동남아시아,대한민국,일간,2021/06/28,월,156167,595,0.30,51830139,2017,2,1.29
동아시아/동남아시아,대한민국,일간,2021/06/27,일,155572,501,0.30,51830139,2015,2,1.30
동아시아/동남아시아,대한민국,일간,2021/06/26,토,155071,614,0.30,51830139,2013,1,1.30
동아시아/동남아시아,대한민국,일간,2021/06/25,금,154457,668,0.30,51830139,2012,3,1.30
동아시아/동남아시아,대한민국,일간,2021/06/24,목,153789,634,0.30,51830139,2009,1,1.31
동아시아/동남아시아,대한민국,일간,2021/06/23,수,153155,610,0.30,51830139,2008,1,1.31
동아시아/동남아시아,대한민국,일간,2021/06/22,화,152545,644,0.29,51830139,2007,1,1.32
동아시아/동남아시아,대한민국,일간,2021/06/21,월,151901,395,0.29,51830139,2006,2,1.32
동아시아/동남아시아,대한민국,일간,2021/06/20,일,151506,357,0.29,51830139,2004,2,1.32
동아시아/동남아시아,대한민국,일간,2021/06/19,토,151149,429,0.29,51830139,2002,5,1.32
동아시아/동남아시아,대한민국,일간,2021/06/18,금,150720,482,0.29,51830139,1997,1,1.32
동아시아/동남아시아,대한민국,일간,2021/06/17,목,150238,507,0.29,51830139,1996,2,1.33
동아시아/동남아시아,대한민국,일간,2021/06/16,수,149731,540,0.29,51830139,1994,1,1.33
동아시아/동남아시아,대한민국,일간,2021/06/15,화,149191,544,0.29,51830139,1993,1,1.34
동아시아/동남아시아,대한민국,일간,2021/06/14,월,148647,374,0.29,51830139,1992,4,1.34
동아시아/동남아시아,대한민국,일간,2021/06/13,일,148273,399,0.29,51830139,1988,3,1.34
동아시아/동남아시아,대한민국,일간,2021/06/12,토,147874,452,0.29,51830139,1985,3,1.34
동아시아/동남아시아,대한민국,일간,2021/06/11,금,147422,563,0.28,51830139,1982,1,1.34
동아시아/동남아시아,대한민국,일간,2021/06/10,목,146859,556,0.28,51830139,1981,2,1.35
동아시아/동남아시아,대한민국,일간,2021/06/09,수,146303,611,0.28,51830139,1979,2,1.35
동아시아/동남아시아,대한민국,일간,2021/06/08,화,145692,601,0.28,51830139,1977,2,1.36
동아시아/동남아시아,대한민국,일간,2021/06/07,월,145091,454,0.28,51830139,1975,1,1.36
동아시아/동남아시아,대한민국,일간,2021/06/06,일,144637,485,0.28,51830139,1974,1,1.36
동아시아/동남아시아,대한민국,일간,2021/06/05,토,144152,556,0.28,51830139,1973,2,1.37
동아시아/동남아시아,대한민국,일간,2021/06/04,금,143596,744,0.28,51830139,1971,2,1.37
동아시아/동남아시아,대한민국,일간,2021/06/03,목,142852,695,0.28,51830139,1969,1,1.38
동아시아/동남아시아,대한민국,일간,2021/06/02,수,142157,681,0.27,51830139,1968,3,1.38
동아시아/동남아시아,대한민국,일간,2021/06/01,화,141476,677,0.27,51830139,1965,2,1.39
동아시아/동남아시아,대한민국,일간,2021/05/31,월,140799,459,0.27,51830139,1963,4,1.39
동아시아/동남아시아,대한민국,일간,2021/05/30,일,140340,430,0.27,51830139,1959,2,1.40
동아시아/동남아시아,대한민국,일간,2021/05/29,토,139910,479,0.27,51830139,1957,6,1.40
동아시아/동남아시아,대한민국,일간,2021/05/28,금,139431,533,0.27,51830139,1951,5,1.40
동아시아/동남아시아,대한민국,일간,2021/05/27,목,138898,587,0.27,51830139,1946,3,1.40
동아시아/동남아시아,대한민국,일간,2021/05/26,수,138311,629,0.27,51830139,1943,3,1.40
동아시아/동남아시아,대한민국,일간,2021/05/25,화,137682,699,0.27,51830139,1940,2,1.41
동아시아/동남아시아,대한민국,일간,2021/05/24,월,136983,516,0.26,51830139,1938,4,1.41
동아시아/동남아시아,대한민국,일간,2021/05/23,일,136467,538,0.26,51830139,1934,3,1.42
동아시아/동남아시아,대한민국,일간,2021/05/22,토,135929,585,0.26,51830139,1931,5,1.42
동아시아/동남아시아,대한민국,일간,2021/05/21,금,135344,666,0.26,51830139,1926,4,1.42
동아시아/동남아시아,대한민국,일간,2021/05/20,목,134678,561,0.26,51830139,1922,6,1.43
동아시아/동남아시아,대한민국,일간,2021/05/19,수,134117,646,0.26,51830139,1916,4,1.43
동아시아/동남아시아,대한민국,일간,2021/05/18,화,133471,653,0.26,51830139,1912,8,1.43
동아시아/동남아시아,대한민국,일간,2021/05/17,월,132818,528,0.26,51830139,1904,1,1.43
동아시아/동남아시아,대한민국,일간,2021/05/16,일,132290,619,0.26,51830139,1903,3,1.44
동아시아/동남아시아,대한민국,일간,2021/05/15,토,131671,610,0.25,51830139,1900,4,1.44
동아시아/동남아시아,대한민국,일간,2021/05/14,금,131061,681,0.25,51830139,1896,3,1.45
동아시아/동남아시아,대한민국,일간,2021/05/13,목,130380,747,0.25,51830139,1893,2,1.45
동아시아/동남아시아,대한민국,일간,2021/05/12,수,129633,715,0.25,51830139,1891,7,1.46
동아시아/동남아시아,대한민국,일간,2021/05/11,화,128918,635,0.25,51830139,1884,5,1.46
동아시아/동남아시아,대한민국,일간,2021/05/10,월,128283,511,0.25,51830139,1879,4,1.46
동아시아/동남아시아,대한민국,일간,2021/05/09,일,127772,463,0.25,51830139,1875,1,1.47
동아시아/동남아시아,대한민국,일간,2021/05/08,토,127309,564,0.25,51830139,1874,9,1.47
동아시아/동남아시아,대한민국,일간,2021/05/07,금,126745,701,0.24,51830139,1865,5,1.47
동아시아/동남아시아,대한민국,일간,2021/05/06,목,126044,525,0.24,51830139,1860,9,1.48
동아시아/동남아시아,대한민국,일간,2021/05/05,수,125519,574,0.24,51830139,1851,4,1.47
동아시아/동남아시아,대한민국,일간,2021/05/04,화,124945,676,0.24,51830139,1847,7,1.48
동아시아/동남아시아,대한민국,일간,2021/05/03,월,124269,541,0.24,51830139,1840,6,1.48
동아시아/동남아시아,대한민국,일간,2021/05/02,일,123728,488,0.24,51830139,1834,1,1.48
동아시아/동남아시아,대한민국,일간,2021/05/01,토,123240,606,0.24,51830139,1833,2,1.49
동아시아/동남아시아,대한민국,일간,2021/04/30,금,122634,627,0.24,51830139,1831,3,1.49
동아시아/동남아시아,대한민국,일간,2021/04/29,목,122007,656,0.24,51830139,1828,3,1.50
동아시아/동남아시아,대한민국,일간,2021/04/28,수,121351,678,0.23,51830139,1825,4,1.50
동아시아/동남아시아,대한민국,일간,2021/04/27,화,120673,775,0.23,51830139,1821,1,1.51
동아시아/동남아시아,대한민국,일간,2021/04/26,월,119898,511,0.23,51830139,1820,3,1.52
동아시아/동남아시아,대한민국,일간,2021/04/25,일,119387,500,0.23,51830139,1817,4,1.52
동아시아/동남아시아,대한민국,일간,2021/04/24,토,118887,644,0.23,51830139,1813,1,1.52
동아시아/동남아시아,대한민국,일간,2021/04/23,금,118243,785,0.23,51830139,1812,1,1.53
동아시아/동남아시아,대한민국,일간,2021/04/22,목,117458,797,0.23,51830139,1811,3,1.54
동아시아/동남아시아,대한민국,일간,2021/04/21,수,116661,735,0.23,51830139,1808,2,1.55
동아시아/동남아시아,대한민국,일간,2021/04/20,화,115926,731,0.22,51830139,1806,4,1.56
동아시아/동남아시아,대한민국,일간,2021/04/19,월,115195,549,0.22,51830139,1802,1,1.56
동아시아/동남아시아,대한민국,일간,2021/04/18,일,114646,531,0.22,51830139,1801,4,1.57
동아시아/동남아시아,대한민국,일간,2021/04/17,토,114115,671,0.22,51830139,1797,3,1.57
동아시아/동남아시아,대한민국,일간,2021/04/16,금,113444,655,0.22,51830139,1794,4,1.58
동아시아/동남아시아,대한민국,일간,2021/04/15,목,112789,672,0.22,51830139,1790,2,1.59
동아시아/동남아시아,대한민국,일간,2021/04/14,수,112117,698,0.22,51830139,1788,6,1.59
동아시아/동남아시아,대한민국,일간,2021/04/13,화,111419,731,0.21,51830139,1782,7,1.60
동아시아/동남아시아,대한민국,일간,2021/04/12,월,110688,542,0.21,51830139,1775,5,1.60
동아시아/동남아시아,대한민국,일간,2021/04/11,일,110146,587,0.21,51830139,1770,2,1.61
동아시아/동남아시아,대한민국,일간,2021/04/10,토,109559,614,0.21,51830139,1768,3,1.61
동아시아/동남아시아,대한민국,일간,2021/04/09,금,108945,676,0.21,51830139,1765,1,1.62
동아시아/동남아시아,대한민국,일간,2021/04/08,목,108269,671,0.21,51830139,1764,6,1.63
동아시아/동남아시아,대한민국,일간,2021/04/07,수,107598,700,0.21,51830139,1758,2,1.63
동아시아/동남아시아,대한민국,일간,2021/04/06,화,106898,668,0.21,51830139,1756,4,1.64
동아시아/동남아시아,대한민국,일간,2021/04/05,월,106230,478,0.20,51830139,1752,4,1.65
동아시아/동남아시아,대한민국,일간,2021/04/04,일,105752,473,0.20,51830139,1748,4,1.65
동아시아/동남아시아,대한민국,일간,2021/04/03,토,105279,543,0.20,51830139,1744,4,1.66
동아시아/동남아시아,대한민국,일간,2021/04/02,금,104736,542,0.20,51830139,1740,3,1.66
동아시아/동남아시아,대한민국,일간,2021/04/01,목,104194,555,0.20,51830139,1737,2,1.67
동아시아/동남아시아,대한민국,일간,2021/03/31,수,103639,551,0.20,51830139,1735,4,1.67
동아시아/동남아시아,대한민국,일간,2021/03/30,화,103088,506,0.20,51830139,1731,2,1.68
동아시아/동남아시아,대한민국,일간,2021/03/29,월,102582,441,0.20,51830139,1729,3,1.69
동아시아/동남아시아,대한민국,일간,2021/03/28,일,102141,384,0.20,51830139,1726,4,1.69
동아시아/동남아시아,대한민국,일간,2021/03/27,토,101757,482,0.20,51830139,1722,1,1.69
동아시아/동남아시아,대한민국,일간,2021/03/26,금,101275,505,0.20,51830139,1721,5,1.70
동아시아/동남아시아,대한민국,일간,2021/03/25,목,100770,494,0.19,51830139,1716,7,1.70
동아시아/동남아시아,대한민국,일간,2021/03/24,수,100276,430,0.19,51830139,1709,2,1.70
동아시아/동남아시아,대한민국,일간,2021/03/23,화,99846,425,0.19,51830139,1707,3,1.71
동아시아/동남아시아,대한민국,일간,2021/03/22,월,99421,346,0.19,51830139,1704,7,1.71
동아시아/동남아시아,대한민국,일간,2021/03/21,일,99075,410,0.19,51830139,1697,1,1.71
동아시아/동남아시아,대한민국,일간,2021/03/20,토,98665,456,0.19,51830139,1696,3,1.72
동아시아/동남아시아,대한민국,일간,2021/03/19,금,98209,452,0.19,51830139,1693,3,1.72
동아시아/동남아시아,대한민국,일간,2021/03/18,목,97757,463,0.19,51830139,1690,2,1.73
동아시아/동남아시아,대한민국,일간,2021/03/17,수,97294,445,0.19,51830139,1688,2,1.73
동아시아/동남아시아,대한민국,일간,2021/03/16,화,96849,469,0.19,51830139,1686,8,1.74
동아시아/동남아시아,대한민국,일간,2021/03/15,월,96380,363,0.19,51830139,1678,3,1.74
동아시아/동남아시아,대한민국,일간,2021/03/14,일,96017,382,0.19,51830139,1675,6,1.74
동아시아/동남아시아,대한민국,일간,2021/03/13,토,95635,459,0.18,51830139,1669,2,1.75
동아시아/동남아시아,대한민국,일간,2021/03/12,금,95176,490,0.18,51830139,1667,5,1.75
동아시아/동남아시아,대한민국,일간,2021/03/11,목,94686,488,0.18,51830139,1662,10,1.76
동아시아/동남아시아,대한민국,일간,2021/03/10,수,94198,465,0.18,51830139,1652,4,1.75
동아시아/동남아시아,대한민국,일간,2021/03/09,화,93733,470,0.18,51830139,1648,3,1.76
동아시아/동남아시아,대한민국,일간,2021/03/08,월,93263,446,0.18,51830139,1645,3,1.76
동아시아/동남아시아,대한민국,일간,2021/03/07,일,92817,346,0.18,51830139,1642,8,1.77
동아시아/동남아시아,대한민국,일간,2021/03/06,토,92471,416,0.18,51830139,1634,2,1.77
동아시아/동남아시아,대한민국,일간,2021/03/05,금,92055,417,0.18,51830139,1632,5,1.77
동아시아/동남아시아,대한민국,일간,2021/03/04,목,91638,398,0.18,51830139,1627,8,1.78
동아시아/동남아시아,대한민국,일간,2021/03/03,수,91240,424,0.18,51830139,1619,7,1.77
동아시아/동남아시아,대한민국,일간,2021/03/02,화,90816,444,0.18,51830139,1612,6,1.78
동아시아/동남아시아,대한민국,일간,2021/03/01,월,90372,341,0.17,51830139,1606,1,1.78
동아시아/동남아시아,대한민국,일간,2021/02/28,일,90031,355,0.17,51830139,1605,2,1.78
동아시아/동남아시아,대한민국,일간,2021/02/27,토,89676,355,0.17,51830139,1603,8,1.79
동아시아/동남아시아,대한민국,일간,2021/02/26,금,89321,399,0.17,51830139,1595,10,1.79
동아시아/동남아시아,대한민국,일간,2021/02/25,목,88922,406,0.17,51830139,1585,4,1.78
동아시아/동남아시아,대한민국,일간,2021/02/24,수,88516,396,0.17,51830139,1581,5,1.79
동아시아/동남아시아,대한민국,일간,2021/02/23,화,88120,439,0.17,51830139,1576,3,1.79
동아시아/동남아시아,대한민국,일간,2021/02/22,월,87681,357,0.17,51830139,1573,11,1.79
동아시아/동남아시아,대한민국,일간,2021/02/21,일,87324,332,0.17,51830139,1562,5,1.79
동아시아/동남아시아,대한민국,일간,2021/02/20,토,86992,418,0.17,51830139,1557,4,1.79
동아시아/동남아시아,대한민국,일간,2021/02/19,금,86574,446,0.17,51830139,1553,3,1.79
동아시아/동남아시아,대한민국,일간,2021/02/18,목,86128,561,0.17,51830139,1550,6,1.80
동아시아/동남아시아,대한민국,일간,2021/02/17,수,85567,621,0.17,51830139,1544,6,1.80
동아시아/동남아시아,대한민국,일간,2021/02/16,화,84946,621,0.16,51830139,1538,4,1.81
동아시아/동남아시아,대한민국,일간,2021/02/15,월,84325,456,0.16,51830139,1534,7,1.82
동아시아/동남아시아,대한민국,일간,2021/02/14,일,83869,344,0.16,51830139,1527,5,1.82
동아시아/동남아시아,대한민국,일간,2021/02/13,토,83525,326,0.16,51830139,1522,8,1.82
동아시아/동남아시아,대한민국,일간,2021/02/12,금,83199,362,0.16,51830139,1514,7,1.82
동아시아/동남아시아,대한민국,일간,2021/02/11,목,82837,403,0.16,51830139,1507,11,1.82
동아시아/동남아시아,대한민국,일간,2021/02/10,수,82434,504,0.16,51830139,1496,10,1.81
동아시아/동남아시아,대한민국,일간,2021/02/09,화,81930,443,0.16,51830139,1486,4,1.81
동아시아/동남아시아,대한민국,일간,2021/02/08,월,81487,302,0.16,51830139,1482,8,1.82
동아시아/동남아시아,대한민국,일간,2021/02/07,일,81185,289,0.16,51830139,1474,3,1.82
동아시아/동남아시아,대한민국,일간,2021/02/06,토,80896,372,0.16,51830139,1471,7,1.82
동아시아/동남아시아,대한민국,일간,2021/02/05,금,80524,393,0.16,51830139,1464,5,1.82
동아시아/동남아시아,대한민국,일간,2021/02/04,목,80131,369,0.15,51830139,1459,11,1.82
동아시아/동남아시아,대한민국,일간,2021/02/03,수,79762,451,0.15,51830139,1448,7,1.82
동아시아/동남아시아,대한민국,일간,2021/02/02,화,79311,467,0.15,51830139,1441,6,1.82
동아시아/동남아시아,대한민국,일간,2021/02/01,월,78844,336,0.15,51830139,1435,10,1.82
동아시아/동남아시아,대한민국,일간,2021/01/31,일,78508,303,0.15,51830139,1425,5,1.82
동아시아/동남아시아,대한민국,일간,2021/01/30,토,78205,355,0.15,51830139,1420,6,1.82
동아시아/동남아시아,대한민국,일간,2021/01/29,금,77850,455,0.15,51830139,1414,15,1.82
동아시아/동남아시아,대한민국,일간,2021/01/28,목,77395,469,0.15,51830139,1399,13,1.81
동아시아/동남아시아,대한민국,일간,2021/01/27,수,76926,497,0.15,51830139,1386,8,1.80
동아시아/동남아시아,대한민국,일간,2021/01/26,화,76429,554,0.15,51830139,1378,7,1.80
동아시아/동남아시아,대한민국,일간,2021/01/25,월,75875,354,0.15,51830139,1371,11,1.81
동아시아/동남아시아,대한민국,일간,2021/01/24,일,75521,437,0.15,51830139,1360,11,1.80
동아시아/동남아시아,대한민국,일간,2021/01/23,토,75084,392,0.14,51830139,1349,12,1.80
동아시아/동남아시아,대한민국,일간,2021/01/22,금,74692,430,0.14,51830139,1337,9,1.79
동아시아/동남아시아,대한민국,일간,2021/01/21,목,74262,344,0.14,51830139,1328,12,1.79
동아시아/동남아시아,대한민국,일간,2021/01/20,수,73918,400,0.14,51830139,1316,16,1.78
동아시아/동남아시아,대한민국,일간,2021/01/19,화,73518,403,0.14,51830139,1300,17,1.77
동아시아/동남아시아,대한민국,일간,2021/01/18,월,73115,386,0.14,51830139,1283,19,1.75
동아시아/동남아시아,대한민국,일간,2021/01/17,일,72729,389,0.14,51830139,1264,15,1.74
동아시아/동남아시아,대한민국,일간,2021/01/16,토,72340,520,0.14,51830139,1249,13,1.73
동아시아/동남아시아,대한민국,일간,2021/01/15,금,71820,579,0.14,51830139,1236,19,1.72
동아시아/동남아시아,대한민국,일간,2021/01/14,목,71241,513,0.14,51830139,1217,22,1.71
동아시아/동남아시아,대한민국,일간,2021/01/13,수,70728,516,0.14,51830139,1195,10,1.69
동아시아/동남아시아,대한민국,일간,2021/01/12,화,70212,561,0.14,51830139,1185,20,1.69
동아시아/동남아시아,대한민국,일간,2021/01/11,월,69651,537,0.13,51830139,1165,25,1.67
동아시아/동남아시아,대한민국,일간,2021/01/10,일,69114,450,0.13,51830139,1140,15,1.65
동아시아/동남아시아,대한민국,일간,2021/01/09,토,68664,665,0.13,51830139,1125,25,1.64
동아시아/동남아시아,대한민국,일간,2021/01/08,금,67999,641,0.13,51830139,1100,19,1.62
동아시아/동남아시아,대한민국,일간,2021/01/07,목,67358,672,0.13,51830139,1081,35,1.60
동아시아/동남아시아,대한민국,일간,2021/01/06,수,66686,868,0.13,51830139,1046,19,1.57
동아시아/동남아시아,대한민국,일간,2021/01/05,화,65818,839,0.13,51830139,1027,20,1.56
동아시아/동남아시아,대한민국,일간,2021/01/04,월,64979,715,0.13,51830139,1007,26,1.55
동아시아/동남아시아,대한민국,일간,2021/01/03,일,64264,1020,0.12,51830139,981,19,1.53
동아시아/동남아시아,대한민국,일간,2021/01/02,토,63244,651,0.12,51830139,962,20,1.52
동아시아/동남아시아,대한민국,일간,2021/01/01,금,62593,824,0.12,51830139,942,25,1.50
